name,date,rank,diff
리니지2M(19),2019_11_27,1,0
리니지2M(19),2019_11_28,1,0
리니지2M(19),2019_11_29,1,0
Brain Out – 가장 어색한 게임,2019_09_17,101,0
Brain Out – 가장 어색한 게임,2019_09_18,101,0
Brain Out – 가장 어색한 게임,2019_09_19,101,0
Brain Out – 가장 어색한 게임,2019_09_20,101,0
Brain Out – 가장 어색한 게임,2019_09_21,101,0
Brain Out – 가장 어색한 게임,2019_09_22,101,73
Brain Out – 가장 어색한 게임,2019_09_23,28,12
Brain Out – 가장 어색한 게임,2019_09_24,16,8
Brain Out – 가장 어색한 게임,2019_09_25,8,0
Brain Out – 가장 어색한 게임,2019_09_26,8,3
Brain Out – 가장 어색한 게임,2019_09_27,5,0
Brain Out – 가장 어색한 게임,2019_09_28,5,0
Brain Out – 가장 어색한 게임,2019_09_29,5,1
Brain Out – 가장 어색한 게임,2019_09_30,6,4
Brain Out – 가장 어색한 게임,2019_10_01,2,0
Brain Out – 가장 어색한 게임,2019_10_02,2,1
Brain Out – 가장 어색한 게임,2019_10_03,3,0
Brain Out – 가장 어색한 게임,2019_10_04,3,0
Brain Out – 가장 어색한 게임,2019_10_05,3,0
Brain Out – 가장 어색한 게임,2019_10_06,3,1
Brain Out – 가장 어색한 게임,2019_10_07,4,0
Brain Out – 가장 어색한 게임,2019_10_08,4,2
Brain Out – 가장 어색한 게임,2019_10_09,2,0
Brain Out – 가장 어색한 게임,2019_10_10,2,1
Brain Out – 가장 어색한 게임,2019_10_11,3,0
Brain Out – 가장 어색한 게임,2019_10_12,3,1
Brain Out – 가장 어색한 게임,2019_10_13,2,1
Brain Out – 가장 어색한 게임,2019_10_14,1,0
Brain Out – 가장 어색한 게임,2019_10_15,1,0
Brain Out – 가장 어색한 게임,2019_10_16,1,0
Brain Out – 가장 어색한 게임,2019_10_17,1,0
Brain Out – 가장 어색한 게임,2019_10_18,1,0
Brain Out – 가장 어색한 게임,2019_10_19,1,0
Brain Out – 가장 어색한 게임,2019_10_20,1,0
Brain Out – 가장 어색한 게임,2019_10_21,1,0
Brain Out – 가장 어색한 게임,2019_10_22,1,0
Brain Out – 가장 어색한 게임,2019_10_23,1,0
Brain Out – 가장 어색한 게임,2019_10_24,1,0
Brain Out – 가장 어색한 게임,2019_10_25,1,1
Brain Out – 가장 어색한 게임,2019_10_26,2,0
Brain Out – 가장 어색한 게임,2019_10_27,2,1
Brain Out – 가장 어색한 게임,2019_10_28,3,0
Brain Out – 가장 어색한 게임,2019_10_29,3,1
Brain Out – 가장 어색한 게임,2019_10_30,2,1
Brain Out – 가장 어색한 게임,2019_10_31,3,1
Brain Out – 가장 어색한 게임,2019_11_01,2,0
Brain Out – 가장 어색한 게임,2019_11_02,2,2
Brain Out – 가장 어색한 게임,2019_11_03,4,2
Brain Out – 가장 어색한 게임,2019_11_04,2,0
Brain Out – 가장 어색한 게임,2019_11_05,2,1
Brain Out – 가장 어색한 게임,2019_11_06,1,1
Brain Out – 가장 어색한 게임,2019_11_07,2,0
Brain Out – 가장 어색한 게임,2019_11_08,2,0
Brain Out – 가장 어색한 게임,2019_11_09,2,0
Brain Out – 가장 어색한 게임,2019_11_10,2,0
Brain Out – 가장 어색한 게임,2019_11_11,2,0
Brain Out – 가장 어색한 게임,2019_11_12,2,0
Brain Out – 가장 어색한 게임,2019_11_13,2,1
Brain Out – 가장 어색한 게임,2019_11_14,1,0
Brain Out – 가장 어색한 게임,2019_11_15,1,0
Brain Out – 가장 어색한 게임,2019_11_16,1,0
Brain Out – 가장 어색한 게임,2019_11_17,1,0
Brain Out – 가장 어색한 게임,2019_11_18,1,0
Brain Out – 가장 어색한 게임,2019_11_19,1,0
Brain Out – 가장 어색한 게임,2019_11_20,1,0
Brain Out – 가장 어색한 게임,2019_11_21,1,1
Brain Out – 가장 어색한 게임,2019_11_22,2,1
Brain Out – 가장 어색한 게임,2019_11_23,3,1
Brain Out – 가장 어색한 게임,2019_11_24,2,1
Brain Out – 가장 어색한 게임,2019_11_25,1,1
Brain Out – 가장 어색한 게임,2019_11_26,2,1
Brain Out – 가장 어색한 게임,2019_11_27,3,2
Brain Out – 가장 어색한 게임,2019_11_28,5,0
Brain Out – 가장 어색한 게임,2019_11_29,5,0
고수 with NAVER WEBTOON,2019_11_26,101,85
고수 with NAVER WEBTOON,2019_11_27,16,12
고수 with NAVER WEBTOON,2019_11_28,4,1
고수 with NAVER WEBTOON,2019_11_29,3,0
리니지2M(12),2019_11_27,2,0
리니지2M(12),2019_11_28,2,0
리니지2M(12),2019_11_29,2,0
마기아 : 카르마 사가,2019_09_01,101,0
마기아 : 카르마 사가,2019_09_02,101,0
마기아 : 카르마 사가,2019_09_03,101,0
마기아 : 카르마 사가,2019_09_04,101,0
마기아 : 카르마 사가,2019_09_05,101,0
마기아 : 카르마 사가,2019_09_06,101,0
마기아 : 카르마 사가,2019_09_07,101,0
마기아 : 카르마 사가,2019_09_08,101,0
마기아 : 카르마 사가,2019_09_09,101,0
마기아 : 카르마 사가,2019_09_10,101,0
마기아 : 카르마 사가,2019_09_11,101,0
마기아 : 카르마 사가,2019_09_12,101,0
마기아 : 카르마 사가,2019_09_13,101,0
마기아 : 카르마 사가,2019_09_14,101,0
마기아 : 카르마 사가,2019_09_15,101,0
마기아 : 카르마 사가,2019_09_16,101,0
마기아 : 카르마 사가,2019_09_17,101,0
마기아 : 카르마 사가,2019_09_18,101,0
마기아 : 카르마 사가,2019_09_19,101,0
마기아 : 카르마 사가,2019_09_20,101,0
마기아 : 카르마 사가,2019_09_21,101,0
마기아 : 카르마 사가,2019_09_22,101,0
마기아 : 카르마 사가,2019_09_23,101,0
마기아 : 카르마 사가,2019_09_24,101,0
마기아 : 카르마 사가,2019_09_25,101,0
마기아 : 카르마 사가,2019_09_26,101,0
마기아 : 카르마 사가,2019_09_27,101,0
마기아 : 카르마 사가,2019_09_28,101,0
마기아 : 카르마 사가,2019_09_29,101,0
마기아 : 카르마 사가,2019_09_30,101,0
마기아 : 카르마 사가,2019_10_01,101,0
마기아 : 카르마 사가,2019_10_02,101,0
마기아 : 카르마 사가,2019_10_03,101,0
마기아 : 카르마 사가,2019_10_04,101,0
마기아 : 카르마 사가,2019_10_05,101,0
마기아 : 카르마 사가,2019_10_06,101,0
마기아 : 카르마 사가,2019_10_07,101,0
마기아 : 카르마 사가,2019_10_08,101,0
마기아 : 카르마 사가,2019_10_09,101,0
마기아 : 카르마 사가,2019_10_10,101,0
마기아 : 카르마 사가,2019_10_11,101,0
마기아 : 카르마 사가,2019_10_12,101,0
마기아 : 카르마 사가,2019_10_13,101,0
마기아 : 카르마 사가,2019_10_14,101,0
마기아 : 카르마 사가,2019_10_15,101,0
마기아 : 카르마 사가,2019_10_16,101,0
마기아 : 카르마 사가,2019_10_17,101,0
마기아 : 카르마 사가,2019_10_18,101,0
마기아 : 카르마 사가,2019_10_19,101,0
마기아 : 카르마 사가,2019_10_20,101,0
마기아 : 카르마 사가,2019_10_21,101,0
마기아 : 카르마 사가,2019_10_22,101,0
마기아 : 카르마 사가,2019_10_23,101,0
마기아 : 카르마 사가,2019_10_24,101,0
마기아 : 카르마 사가,2019_10_25,101,0
마기아 : 카르마 사가,2019_10_26,101,0
마기아 : 카르마 사가,2019_10_27,101,0
마기아 : 카르마 사가,2019_10_28,101,0
마기아 : 카르마 사가,2019_10_29,101,0
마기아 : 카르마 사가,2019_10_30,101,76
마기아 : 카르마 사가,2019_10_31,25,1
마기아 : 카르마 사가,2019_11_01,26,11
마기아 : 카르마 사가,2019_11_02,37,57
마기아 : 카르마 사가,2019_11_03,94,7
마기아 : 카르마 사가,2019_11_04,101,0
마기아 : 카르마 사가,2019_11_05,101,0
마기아 : 카르마 사가,2019_11_06,101,0
마기아 : 카르마 사가,2019_11_07,101,0
마기아 : 카르마 사가,2019_11_08,101,0
마기아 : 카르마 사가,2019_11_09,101,0
마기아 : 카르마 사가,2019_11_10,101,93
마기아 : 카르마 사가,2019_11_11,8,2
마기아 : 카르마 사가,2019_11_12,10,2
마기아 : 카르마 사가,2019_11_13,8,1
마기아 : 카르마 사가,2019_11_14,7,0
마기아 : 카르마 사가,2019_11_15,7,37
마기아 : 카르마 사가,2019_11_16,44,31
마기아 : 카르마 사가,2019_11_17,75,26
마기아 : 카르마 사가,2019_11_18,101,0
마기아 : 카르마 사가,2019_11_19,101,0
마기아 : 카르마 사가,2019_11_20,101,0
마기아 : 카르마 사가,2019_11_21,101,0
마기아 : 카르마 사가,2019_11_22,101,0
마기아 : 카르마 사가,2019_11_23,101,0
마기아 : 카르마 사가,2019_11_24,101,0
마기아 : 카르마 사가,2019_11_25,101,0
마기아 : 카르마 사가,2019_11_26,101,0
마기아 : 카르마 사가,2019_11_27,101,0
마기아 : 카르마 사가,2019_11_28,101,84
마기아 : 카르마 사가,2019_11_29,17,0
Pocket World 3D,2019_10_22,101,0
Pocket World 3D,2019_10_23,101,0
Pocket World 3D,2019_10_24,101,0
Pocket World 3D,2019_10_25,101,0
Pocket World 3D,2019_10_26,101,0
Pocket World 3D,2019_10_27,101,0
Pocket World 3D,2019_10_28,101,0
Pocket World 3D,2019_10_29,101,0
Pocket World 3D,2019_10_30,101,0
Pocket World 3D,2019_10_31,101,0
Pocket World 3D,2019_11_01,101,0
Pocket World 3D,2019_11_02,101,0
Pocket World 3D,2019_11_03,101,0
Pocket World 3D,2019_11_04,101,0
Pocket World 3D,2019_11_05,101,0
Pocket World 3D,2019_11_06,101,0
Pocket World 3D,2019_11_07,101,0
Pocket World 3D,2019_11_08,101,0
Pocket World 3D,2019_11_09,101,0
Pocket World 3D,2019_11_10,101,0
Pocket World 3D,2019_11_11,101,0
Pocket World 3D,2019_11_12,101,0
Pocket World 3D,2019_11_13,101,0
Pocket World 3D,2019_11_14,101,0
Pocket World 3D,2019_11_15,101,0
Pocket World 3D,2019_11_16,101,0
Pocket World 3D,2019_11_17,101,12
Pocket World 3D,2019_11_18,89,70
Pocket World 3D,2019_11_19,19,0
Pocket World 3D,2019_11_20,19,10
Pocket World 3D,2019_11_21,29,1
Pocket World 3D,2019_11_22,30,12
Pocket World 3D,2019_11_23,18,12
Pocket World 3D,2019_11_24,6,0
Pocket World 3D,2019_11_25,6,0
Pocket World 3D,2019_11_26,6,1
Pocket World 3D,2019_11_27,7,2
Pocket World 3D,2019_11_28,9,1
Pocket World 3D,2019_11_29,10,0
Rusty Blower 3D,2019_11_18,101,0
Rusty Blower 3D,2019_11_19,101,0
Rusty Blower 3D,2019_11_20,101,0
Rusty Blower 3D,2019_11_21,101,0
Rusty Blower 3D,2019_11_22,101,0
Rusty Blower 3D,2019_11_23,101,0
Rusty Blower 3D,2019_11_24,101,0
Rusty Blower 3D,2019_11_25,101,0
Rusty Blower 3D,2019_11_26,101,86
Rusty Blower 3D,2019_11_27,15,7
Rusty Blower 3D,2019_11_28,8,2
Rusty Blower 3D,2019_11_29,6,0
Sky Roller,2019_10_24,101,0
Sky Roller,2019_10_25,101,0
Sky Roller,2019_10_26,101,0
Sky Roller,2019_10_27,101,0
Sky Roller,2019_10_28,101,0
Sky Roller,2019_10_29,101,0
Sky Roller,2019_10_30,101,0
Sky Roller,2019_10_31,101,0
Sky Roller,2019_11_01,101,0
Sky Roller,2019_11_02,101,0
Sky Roller,2019_11_03,101,0
Sky Roller,2019_11_04,101,0
Sky Roller,2019_11_05,101,3
Sky Roller,2019_11_06,98,72
Sky Roller,2019_11_07,26,5
Sky Roller,2019_11_08,21,2
Sky Roller,2019_11_09,19,6
Sky Roller,2019_11_10,13,4
Sky Roller,2019_11_11,9,2
Sky Roller,2019_11_12,7,0
Sky Roller,2019_11_13,7,3
Sky Roller,2019_11_14,10,0
Sky Roller,2019_11_15,10,6
Sky Roller,2019_11_16,16,1
Sky Roller,2019_11_17,17,2
Sky Roller,2019_11_18,15,1
Sky Roller,2019_11_19,16,2
Sky Roller,2019_11_20,14,8
Sky Roller,2019_11_21,22,1
Sky Roller,2019_11_22,23,6
Sky Roller,2019_11_23,29,21
Sky Roller,2019_11_24,8,3
Sky Roller,2019_11_25,5,2
Sky Roller,2019_11_26,7,1
Sky Roller,2019_11_27,8,3
Sky Roller,2019_11_28,11,2
Sky Roller,2019_11_29,13,0
게임빌프로야구 슈퍼스타즈,2019_11_24,101,0
게임빌프로야구 슈퍼스타즈,2019_11_25,101,0
게임빌프로야구 슈퍼스타즈,2019_11_26,101,97
게임빌프로야구 슈퍼스타즈,2019_11_27,4,1
게임빌프로야구 슈퍼스타즈,2019_11_28,3,1
게임빌프로야구 슈퍼스타즈,2019_11_29,4,0
Ink Inc. - Tattoo Tycoon,2019_10_27,101,0
Ink Inc. - Tattoo Tycoon,2019_10_28,101,0
Ink Inc. - Tattoo Tycoon,2019_10_29,101,0
Ink Inc. - Tattoo Tycoon,2019_10_30,101,0
Ink Inc. - Tattoo Tycoon,2019_10_31,101,0
Ink Inc. - Tattoo Tycoon,2019_11_01,101,0
Ink Inc. - Tattoo Tycoon,2019_11_02,101,0
Ink Inc. - Tattoo Tycoon,2019_11_03,101,0
Ink Inc. - Tattoo Tycoon,2019_11_04,101,0
Ink Inc. - Tattoo Tycoon,2019_11_05,101,0
Ink Inc. - Tattoo Tycoon,2019_11_06,101,0
Ink Inc. - Tattoo Tycoon,2019_11_07,101,0
Ink Inc. - Tattoo Tycoon,2019_11_08,101,0
Ink Inc. - Tattoo Tycoon,2019_11_09,101,30
Ink Inc. - Tattoo Tycoon,2019_11_10,71,30
Ink Inc. - Tattoo Tycoon,2019_11_11,101,0
Ink Inc. - Tattoo Tycoon,2019_11_12,101,3
Ink Inc. - Tattoo Tycoon,2019_11_13,98,67
Ink Inc. - Tattoo Tycoon,2019_11_14,31,1
Ink Inc. - Tattoo Tycoon,2019_11_15,30,25
Ink Inc. - Tattoo Tycoon,2019_11_16,5,2
Ink Inc. - Tattoo Tycoon,2019_11_17,3,1
Ink Inc. - Tattoo Tycoon,2019_11_18,2,0
Ink Inc. - Tattoo Tycoon,2019_11_19,2,0
Ink Inc. - Tattoo Tycoon,2019_11_20,2,0
Ink Inc. - Tattoo Tycoon,2019_11_21,2,2
Ink Inc. - Tattoo Tycoon,2019_11_22,4,3
Ink Inc. - Tattoo Tycoon,2019_11_23,7,2
Ink Inc. - Tattoo Tycoon,2019_11_24,9,0
Ink Inc. - Tattoo Tycoon,2019_11_25,9,2
Ink Inc. - Tattoo Tycoon,2019_11_26,11,1
Ink Inc. - Tattoo Tycoon,2019_11_27,10,0
Ink Inc. - Tattoo Tycoon,2019_11_28,10,1
Ink Inc. - Tattoo Tycoon,2019_11_29,11,0
무한의 계단,2019_09_01,29,0
무한의 계단,2019_09_02,29,2
무한의 계단,2019_09_03,27,2
무한의 계단,2019_09_04,25,1
무한의 계단,2019_09_05,24,2
무한의 계단,2019_09_06,26,3
무한의 계단,2019_09_07,23,2
무한의 계단,2019_09_08,21,1
무한의 계단,2019_09_09,20,1
무한의 계단,2019_09_10,19,9
무한의 계단,2019_09_11,28,5
무한의 계단,2019_09_12,23,2
무한의 계단,2019_09_13,21,1
무한의 계단,2019_09_14,20,1
무한의 계단,2019_09_15,19,0
무한의 계단,2019_09_16,19,3
무한의 계단,2019_09_17,22,2
무한의 계단,2019_09_18,24,2
무한의 계단,2019_09_19,26,0
무한의 계단,2019_09_20,26,5
무한의 계단,2019_09_21,31,7
무한의 계단,2019_09_22,24,2
무한의 계단,2019_09_23,22,1
무한의 계단,2019_09_24,23,5
무한의 계단,2019_09_25,28,0
무한의 계단,2019_09_26,28,1
무한의 계단,2019_09_27,27,4
무한의 계단,2019_09_28,31,1
무한의 계단,2019_09_29,30,9
무한의 계단,2019_09_30,21,1
무한의 계단,2019_10_01,22,1
무한의 계단,2019_10_02,21,5
무한의 계단,2019_10_03,26,1
무한의 계단,2019_10_04,27,1
무한의 계단,2019_10_05,28,2
무한의 계단,2019_10_06,26,1
무한의 계단,2019_10_07,27,1
무한의 계단,2019_10_08,28,10
무한의 계단,2019_10_09,18,1
무한의 계단,2019_10_10,17,1
무한의 계단,2019_10_11,18,2
무한의 계단,2019_10_12,20,3
무한의 계단,2019_10_13,17,4
무한의 계단,2019_10_14,13,0
무한의 계단,2019_10_15,13,1
무한의 계단,2019_10_16,12,3
무한의 계단,2019_10_17,15,4
무한의 계단,2019_10_18,19,1
무한의 계단,2019_10_19,18,6
무한의 계단,2019_10_20,12,1
무한의 계단,2019_10_21,11,0
무한의 계단,2019_10_22,11,0
무한의 계단,2019_10_23,11,3
무한의 계단,2019_10_24,14,2
무한의 계단,2019_10_25,16,2
무한의 계단,2019_10_26,14,0
무한의 계단,2019_10_27,14,2
무한의 계단,2019_10_28,12,0
무한의 계단,2019_10_29,12,0
무한의 계단,2019_10_30,12,1
무한의 계단,2019_10_31,13,1
무한의 계단,2019_11_01,14,2
무한의 계단,2019_11_02,16,3
무한의 계단,2019_11_03,19,5
무한의 계단,2019_11_04,14,2
무한의 계단,2019_11_05,12,1
무한의 계단,2019_11_06,11,3
무한의 계단,2019_11_07,14,1
무한의 계단,2019_11_08,13,1
무한의 계단,2019_11_09,14,2
무한의 계단,2019_11_10,12,2
무한의 계단,2019_11_11,10,1
무한의 계단,2019_11_12,11,2
무한의 계단,2019_11_13,9,0
무한의 계단,2019_11_14,9,0
무한의 계단,2019_11_15,9,0
무한의 계단,2019_11_16,9,1
무한의 계단,2019_11_17,8,3
무한의 계단,2019_11_18,5,0
무한의 계단,2019_11_19,5,2
무한의 계단,2019_11_20,7,1
무한의 계단,2019_11_21,8,2
무한의 계단,2019_11_22,10,1
무한의 계단,2019_11_23,11,6
무한의 계단,2019_11_24,5,2
무한의 계단,2019_11_25,7,2
무한의 계단,2019_11_26,9,2
무한의 계단,2019_11_27,11,2
무한의 계단,2019_11_28,13,1
무한의 계단,2019_11_29,14,0
워드퍼즐 - 단어 게임,2019_09_01,101,0
워드퍼즐 - 단어 게임,2019_09_02,101,0
워드퍼즐 - 단어 게임,2019_09_03,101,0
워드퍼즐 - 단어 게임,2019_09_04,101,0
워드퍼즐 - 단어 게임,2019_09_05,101,0
워드퍼즐 - 단어 게임,2019_09_06,101,0
워드퍼즐 - 단어 게임,2019_09_07,101,0
워드퍼즐 - 단어 게임,2019_09_08,101,0
워드퍼즐 - 단어 게임,2019_09_09,101,0
워드퍼즐 - 단어 게임,2019_09_10,101,0
워드퍼즐 - 단어 게임,2019_09_11,101,2
워드퍼즐 - 단어 게임,2019_09_12,99,2
워드퍼즐 - 단어 게임,2019_09_13,101,0
워드퍼즐 - 단어 게임,2019_09_14,101,0
워드퍼즐 - 단어 게임,2019_09_15,101,53
워드퍼즐 - 단어 게임,2019_09_16,48,27
워드퍼즐 - 단어 게임,2019_09_17,21,7
워드퍼즐 - 단어 게임,2019_09_18,14,4
워드퍼즐 - 단어 게임,2019_09_19,10,2
워드퍼즐 - 단어 게임,2019_09_20,12,0
워드퍼즐 - 단어 게임,2019_09_21,12,0
워드퍼즐 - 단어 게임,2019_09_22,12,1
워드퍼즐 - 단어 게임,2019_09_23,13,1
워드퍼즐 - 단어 게임,2019_09_24,12,3
워드퍼즐 - 단어 게임,2019_09_25,9,0
워드퍼즐 - 단어 게임,2019_09_26,9,3
워드퍼즐 - 단어 게임,2019_09_27,6,1
워드퍼즐 - 단어 게임,2019_09_28,7,3
워드퍼즐 - 단어 게임,2019_09_29,10,3
워드퍼즐 - 단어 게임,2019_09_30,13,1
워드퍼즐 - 단어 게임,2019_10_01,14,1
워드퍼즐 - 단어 게임,2019_10_02,13,2
워드퍼즐 - 단어 게임,2019_10_03,11,0
워드퍼즐 - 단어 게임,2019_10_04,11,1
워드퍼즐 - 단어 게임,2019_10_05,12,1
워드퍼즐 - 단어 게임,2019_10_06,11,1
워드퍼즐 - 단어 게임,2019_10_07,12,1
워드퍼즐 - 단어 게임,2019_10_08,11,1
워드퍼즐 - 단어 게임,2019_10_09,10,3
워드퍼즐 - 단어 게임,2019_10_10,7,3
워드퍼즐 - 단어 게임,2019_10_11,10,1
워드퍼즐 - 단어 게임,2019_10_12,9,3
워드퍼즐 - 단어 게임,2019_10_13,12,7
워드퍼즐 - 단어 게임,2019_10_14,19,0
워드퍼즐 - 단어 게임,2019_10_15,19,2
워드퍼즐 - 단어 게임,2019_10_16,17,4
워드퍼즐 - 단어 게임,2019_10_17,13,2
워드퍼즐 - 단어 게임,2019_10_18,15,1
워드퍼즐 - 단어 게임,2019_10_19,14,6
워드퍼즐 - 단어 게임,2019_10_20,20,9
워드퍼즐 - 단어 게임,2019_10_21,29,3
워드퍼즐 - 단어 게임,2019_10_22,26,0
워드퍼즐 - 단어 게임,2019_10_23,26,0
워드퍼즐 - 단어 게임,2019_10_24,26,4
워드퍼즐 - 단어 게임,2019_10_25,22,0
워드퍼즐 - 단어 게임,2019_10_26,22,18
워드퍼즐 - 단어 게임,2019_10_27,40,6
워드퍼즐 - 단어 게임,2019_10_28,46,3
워드퍼즐 - 단어 게임,2019_10_29,43,7
워드퍼즐 - 단어 게임,2019_10_30,36,8
워드퍼즐 - 단어 게임,2019_10_31,28,4
워드퍼즐 - 단어 게임,2019_11_01,24,6
워드퍼즐 - 단어 게임,2019_11_02,30,3
워드퍼즐 - 단어 게임,2019_11_03,27,14
워드퍼즐 - 단어 게임,2019_11_04,41,20
워드퍼즐 - 단어 게임,2019_11_05,61,14
워드퍼즐 - 단어 게임,2019_11_06,47,14
워드퍼즐 - 단어 게임,2019_11_07,33,6
워드퍼즐 - 단어 게임,2019_11_08,27,6
워드퍼즐 - 단어 게임,2019_11_09,33,4
워드퍼즐 - 단어 게임,2019_11_10,29,3
워드퍼즐 - 단어 게임,2019_11_11,26,4
워드퍼즐 - 단어 게임,2019_11_12,22,4
워드퍼즐 - 단어 게임,2019_11_13,18,6
워드퍼즐 - 단어 게임,2019_11_14,12,0
워드퍼즐 - 단어 게임,2019_11_15,12,5
워드퍼즐 - 단어 게임,2019_11_16,7,0
워드퍼즐 - 단어 게임,2019_11_17,7,3
워드퍼즐 - 단어 게임,2019_11_18,10,2
워드퍼즐 - 단어 게임,2019_11_19,8,0
워드퍼즐 - 단어 게임,2019_11_20,8,1
워드퍼즐 - 단어 게임,2019_11_21,7,2
워드퍼즐 - 단어 게임,2019_11_22,5,3
워드퍼즐 - 단어 게임,2019_11_23,8,1
워드퍼즐 - 단어 게임,2019_11_24,7,3
워드퍼즐 - 단어 게임,2019_11_25,10,2
워드퍼즐 - 단어 게임,2019_11_26,12,0
워드퍼즐 - 단어 게임,2019_11_27,12,0
워드퍼즐 - 단어 게임,2019_11_28,12,0
워드퍼즐 - 단어 게임,2019_11_29,12,0
애프터라이프,2019_11_20,101,0
애프터라이프,2019_11_21,101,43
애프터라이프,2019_11_22,58,52
애프터라이프,2019_11_23,6,5
애프터라이프,2019_11_24,11,7
애프터라이프,2019_11_25,18,5
애프터라이프,2019_11_26,23,4
애프터라이프,2019_11_27,27,0
애프터라이프,2019_11_28,27,2
애프터라이프,2019_11_29,25,0
엑소스 히어로즈,2019_11_20,101,89
엑소스 히어로즈,2019_11_21,12,11
엑소스 히어로즈,2019_11_22,1,0
엑소스 히어로즈,2019_11_23,1,0
엑소스 히어로즈,2019_11_24,1,1
엑소스 히어로즈,2019_11_25,2,1
엑소스 히어로즈,2019_11_26,3,2
엑소스 히어로즈,2019_11_27,5,1
엑소스 히어로즈,2019_11_28,6,2
엑소스 히어로즈,2019_11_29,8,0
무한의 농장,2019_09_01,101,0
무한의 농장,2019_09_02,101,0
무한의 농장,2019_09_03,101,0
무한의 농장,2019_09_04,101,0
무한의 농장,2019_09_05,101,0
무한의 농장,2019_09_06,101,0
무한의 농장,2019_09_07,101,0
무한의 농장,2019_09_08,101,0
무한의 농장,2019_09_09,101,0
무한의 농장,2019_09_10,101,0
무한의 농장,2019_09_11,101,0
무한의 농장,2019_09_12,101,0
무한의 농장,2019_09_13,101,0
무한의 농장,2019_09_14,101,0
무한의 농장,2019_09_15,101,0
무한의 농장,2019_09_16,101,0
무한의 농장,2019_09_17,101,0
무한의 농장,2019_09_18,101,0
무한의 농장,2019_09_19,101,0
무한의 농장,2019_09_20,101,0
무한의 농장,2019_09_21,101,0
무한의 농장,2019_09_22,101,0
무한의 농장,2019_09_23,101,0
무한의 농장,2019_09_24,101,0
무한의 농장,2019_09_25,101,0
무한의 농장,2019_09_26,101,0
무한의 농장,2019_09_27,101,0
무한의 농장,2019_09_28,101,0
무한의 농장,2019_09_29,101,0
무한의 농장,2019_09_30,101,0
무한의 농장,2019_10_01,101,0
무한의 농장,2019_10_02,101,0
무한의 농장,2019_10_03,101,0
무한의 농장,2019_10_04,101,0
무한의 농장,2019_10_05,101,0
무한의 농장,2019_10_06,101,0
무한의 농장,2019_10_07,101,0
무한의 농장,2019_10_08,101,0
무한의 농장,2019_10_09,101,0
무한의 농장,2019_10_10,101,0
무한의 농장,2019_10_11,101,0
무한의 농장,2019_10_12,101,1
무한의 농장,2019_10_13,100,19
무한의 농장,2019_10_14,81,2
무한의 농장,2019_10_15,83,2
무한의 농장,2019_10_16,85,10
무한의 농장,2019_10_17,75,18
무한의 농장,2019_10_18,57,1
무한의 농장,2019_10_19,56,24
무한의 농장,2019_10_20,32,1
무한의 농장,2019_10_21,31,0
무한의 농장,2019_10_22,31,0
무한의 농장,2019_10_23,31,6
무한의 농장,2019_10_24,37,8
무한의 농장,2019_10_25,45,1
무한의 농장,2019_10_26,46,20
무한의 농장,2019_10_27,66,19
무한의 농장,2019_10_28,47,6
무한의 농장,2019_10_29,53,16
무한의 농장,2019_10_30,69,10
무한의 농장,2019_10_31,59,6
무한의 농장,2019_11_01,53,15
무한의 농장,2019_11_02,68,39
무한의 농장,2019_11_03,29,20
무한의 농장,2019_11_04,49,4
무한의 농장,2019_11_05,45,18
무한의 농장,2019_11_06,27,9
무한의 농장,2019_11_07,18,1
무한의 농장,2019_11_08,19,2
무한의 농장,2019_11_09,21,2
무한의 농장,2019_11_10,19,3
무한의 농장,2019_11_11,16,0
무한의 농장,2019_11_12,16,0
무한의 농장,2019_11_13,16,1
무한의 농장,2019_11_14,17,0
무한의 농장,2019_11_15,17,2
무한의 농장,2019_11_16,19,5
무한의 농장,2019_11_17,14,1
무한의 농장,2019_11_18,13,1
무한의 농장,2019_11_19,14,1
무한의 농장,2019_11_20,13,2
무한의 농장,2019_11_21,15,1
무한의 농장,2019_11_22,16,1
무한의 농장,2019_11_23,15,1
무한의 농장,2019_11_24,14,2
무한의 농장,2019_11_25,12,4
무한의 농장,2019_11_26,16,4
무한의 농장,2019_11_27,20,0
무한의 농장,2019_11_28,20,1
무한의 농장,2019_11_29,21,0
워너비챌린지,2019_11_26,101,0
워너비챌린지,2019_11_27,101,43
워너비챌린지,2019_11_28,58,42
워너비챌린지,2019_11_29,16,0
진화소녀,2019_11_26,101,0
진화소녀,2019_11_27,101,85
진화소녀,2019_11_28,16,9
진화소녀,2019_11_29,7,0
밥 먹고 갈래요?,2019_09_01,101,0
밥 먹고 갈래요?,2019_09_02,101,0
밥 먹고 갈래요?,2019_09_03,101,0
밥 먹고 갈래요?,2019_09_04,101,0
밥 먹고 갈래요?,2019_09_05,101,0
밥 먹고 갈래요?,2019_09_06,101,0
밥 먹고 갈래요?,2019_09_07,101,0
밥 먹고 갈래요?,2019_09_08,101,0
밥 먹고 갈래요?,2019_09_09,101,0
밥 먹고 갈래요?,2019_09_10,101,0
밥 먹고 갈래요?,2019_09_11,101,0
밥 먹고 갈래요?,2019_09_12,101,0
밥 먹고 갈래요?,2019_09_13,101,0
밥 먹고 갈래요?,2019_09_14,101,0
밥 먹고 갈래요?,2019_09_15,101,0
밥 먹고 갈래요?,2019_09_16,101,0
밥 먹고 갈래요?,2019_09_17,101,0
밥 먹고 갈래요?,2019_09_18,101,0
밥 먹고 갈래요?,2019_09_19,101,0
밥 먹고 갈래요?,2019_09_20,101,0
밥 먹고 갈래요?,2019_09_21,101,0
밥 먹고 갈래요?,2019_09_22,101,0
밥 먹고 갈래요?,2019_09_23,101,0
밥 먹고 갈래요?,2019_09_24,101,0
밥 먹고 갈래요?,2019_09_25,101,0
밥 먹고 갈래요?,2019_09_26,101,0
밥 먹고 갈래요?,2019_09_27,101,0
밥 먹고 갈래요?,2019_09_28,101,0
밥 먹고 갈래요?,2019_09_29,101,0
밥 먹고 갈래요?,2019_09_30,101,0
밥 먹고 갈래요?,2019_10_01,101,0
밥 먹고 갈래요?,2019_10_02,101,0
밥 먹고 갈래요?,2019_10_03,101,0
밥 먹고 갈래요?,2019_10_04,101,0
밥 먹고 갈래요?,2019_10_05,101,0
밥 먹고 갈래요?,2019_10_06,101,0
밥 먹고 갈래요?,2019_10_07,101,0
밥 먹고 갈래요?,2019_10_08,101,0
밥 먹고 갈래요?,2019_10_09,101,0
밥 먹고 갈래요?,2019_10_10,101,0
밥 먹고 갈래요?,2019_10_11,101,0
밥 먹고 갈래요?,2019_10_12,101,0
밥 먹고 갈래요?,2019_10_13,101,0
밥 먹고 갈래요?,2019_10_14,101,0
밥 먹고 갈래요?,2019_10_15,101,0
밥 먹고 갈래요?,2019_10_16,101,0
밥 먹고 갈래요?,2019_10_17,101,0
밥 먹고 갈래요?,2019_10_18,101,0
밥 먹고 갈래요?,2019_10_19,101,0
밥 먹고 갈래요?,2019_10_20,101,0
밥 먹고 갈래요?,2019_10_21,101,0
밥 먹고 갈래요?,2019_10_22,101,0
밥 먹고 갈래요?,2019_10_23,101,0
밥 먹고 갈래요?,2019_10_24,101,0
밥 먹고 갈래요?,2019_10_25,101,0
밥 먹고 갈래요?,2019_10_26,101,0
밥 먹고 갈래요?,2019_10_27,101,0
밥 먹고 갈래요?,2019_10_28,101,0
밥 먹고 갈래요?,2019_10_29,101,0
밥 먹고 갈래요?,2019_10_30,101,0
밥 먹고 갈래요?,2019_10_31,101,0
밥 먹고 갈래요?,2019_11_01,101,0
밥 먹고 갈래요?,2019_11_02,101,0
밥 먹고 갈래요?,2019_11_03,101,0
밥 먹고 갈래요?,2019_11_04,101,0
밥 먹고 갈래요?,2019_11_05,101,0
밥 먹고 갈래요?,2019_11_06,101,0
밥 먹고 갈래요?,2019_11_07,101,0
밥 먹고 갈래요?,2019_11_08,101,0
밥 먹고 갈래요?,2019_11_09,101,0
밥 먹고 갈래요?,2019_11_10,101,0
밥 먹고 갈래요?,2019_11_11,101,0
밥 먹고 갈래요?,2019_11_12,101,0
밥 먹고 갈래요?,2019_11_13,101,0
밥 먹고 갈래요?,2019_11_14,101,0
밥 먹고 갈래요?,2019_11_15,101,0
밥 먹고 갈래요?,2019_11_16,101,0
밥 먹고 갈래요?,2019_11_17,101,0
밥 먹고 갈래요?,2019_11_18,101,0
밥 먹고 갈래요?,2019_11_19,101,0
밥 먹고 갈래요?,2019_11_20,101,0
밥 먹고 갈래요?,2019_11_21,101,0
밥 먹고 갈래요?,2019_11_22,101,43
밥 먹고 갈래요?,2019_11_23,58,15
밥 먹고 갈래요?,2019_11_24,73,10
밥 먹고 갈래요?,2019_11_25,83,11
밥 먹고 갈래요?,2019_11_26,94,40
밥 먹고 갈래요?,2019_11_27,54,29
밥 먹고 갈래요?,2019_11_28,25,6
밥 먹고 갈래요?,2019_11_29,19,0
꽃피는 달빛,2019_10_12,101,0
꽃피는 달빛,2019_10_13,101,0
꽃피는 달빛,2019_10_14,101,0
꽃피는 달빛,2019_10_15,101,0
꽃피는 달빛,2019_10_16,101,69
꽃피는 달빛,2019_10_17,32,16
꽃피는 달빛,2019_10_18,16,0
꽃피는 달빛,2019_10_19,16,9
꽃피는 달빛,2019_10_20,7,0
꽃피는 달빛,2019_10_21,7,2
꽃피는 달빛,2019_10_22,9,0
꽃피는 달빛,2019_10_23,9,1
꽃피는 달빛,2019_10_24,10,2
꽃피는 달빛,2019_10_25,12,8
꽃피는 달빛,2019_10_26,20,17
꽃피는 달빛,2019_10_27,37,16
꽃피는 달빛,2019_10_28,21,3
꽃피는 달빛,2019_10_29,18,0
꽃피는 달빛,2019_10_30,18,4
꽃피는 달빛,2019_10_31,22,3
꽃피는 달빛,2019_11_01,25,8
꽃피는 달빛,2019_11_02,33,6
꽃피는 달빛,2019_11_03,39,11
꽃피는 달빛,2019_11_04,28,0
꽃피는 달빛,2019_11_05,28,8
꽃피는 달빛,2019_11_06,36,1
꽃피는 달빛,2019_11_07,35,5
꽃피는 달빛,2019_11_08,40,11
꽃피는 달빛,2019_11_09,29,9
꽃피는 달빛,2019_11_10,20,3
꽃피는 달빛,2019_11_11,23,6
꽃피는 달빛,2019_11_12,17,0
꽃피는 달빛,2019_11_13,17,14
꽃피는 달빛,2019_11_14,3,0
꽃피는 달빛,2019_11_15,3,0
꽃피는 달빛,2019_11_16,3,2
꽃피는 달빛,2019_11_17,5,2
꽃피는 달빛,2019_11_18,3,1
꽃피는 달빛,2019_11_19,4,2
꽃피는 달빛,2019_11_20,6,5
꽃피는 달빛,2019_11_21,11,14
꽃피는 달빛,2019_11_22,25,4
꽃피는 달빛,2019_11_23,21,4
꽃피는 달빛,2019_11_24,17,2
꽃피는 달빛,2019_11_25,19,10
꽃피는 달빛,2019_11_26,29,12
꽃피는 달빛,2019_11_27,41,5
꽃피는 달빛,2019_11_28,36,10
꽃피는 달빛,2019_11_29,26,0
브롤스타즈,2019_09_01,8,0
브롤스타즈,2019_09_02,8,0
브롤스타즈,2019_09_03,8,1
브롤스타즈,2019_09_04,9,2
브롤스타즈,2019_09_05,7,2
브롤스타즈,2019_09_06,9,3
브롤스타즈,2019_09_07,6,0
브롤스타즈,2019_09_08,6,1
브롤스타즈,2019_09_09,5,0
브롤스타즈,2019_09_10,5,2
브롤스타즈,2019_09_11,7,1
브롤스타즈,2019_09_12,8,2
브롤스타즈,2019_09_13,6,1
브롤스타즈,2019_09_14,5,0
브롤스타즈,2019_09_15,5,0
브롤스타즈,2019_09_16,5,1
브롤스타즈,2019_09_17,6,1
브롤스타즈,2019_09_18,7,0
브롤스타즈,2019_09_19,7,2
브롤스타즈,2019_09_20,9,1
브롤스타즈,2019_09_21,10,0
브롤스타즈,2019_09_22,10,0
브롤스타즈,2019_09_23,10,0
브롤스타즈,2019_09_24,10,1
브롤스타즈,2019_09_25,11,0
브롤스타즈,2019_09_26,11,1
브롤스타즈,2019_09_27,12,5
브롤스타즈,2019_09_28,17,1
브롤스타즈,2019_09_29,16,1
브롤스타즈,2019_09_30,15,2
브롤스타즈,2019_10_01,13,1
브롤스타즈,2019_10_02,12,2
브롤스타즈,2019_10_03,14,0
브롤스타즈,2019_10_04,14,1
브롤스타즈,2019_10_05,15,1
브롤스타즈,2019_10_06,14,1
브롤스타즈,2019_10_07,15,1
브롤스타즈,2019_10_08,16,9
브롤스타즈,2019_10_09,7,2
브롤스타즈,2019_10_10,9,2
브롤스타즈,2019_10_11,11,2
브롤스타즈,2019_10_12,13,4
브롤스타즈,2019_10_13,9,2
브롤스타즈,2019_10_14,7,0
브롤스타즈,2019_10_15,7,0
브롤스타즈,2019_10_16,7,2
브롤스타즈,2019_10_17,9,3
브롤스타즈,2019_10_18,12,0
브롤스타즈,2019_10_19,12,1
브롤스타즈,2019_10_20,11,1
브롤스타즈,2019_10_21,10,0
브롤스타즈,2019_10_22,10,0
브롤스타즈,2019_10_23,10,3
브롤스타즈,2019_10_24,13,2
브롤스타즈,2019_10_25,11,3
브롤스타즈,2019_10_26,8,2
브롤스타즈,2019_10_27,10,1
브롤스타즈,2019_10_28,11,0
브롤스타즈,2019_10_29,11,0
브롤스타즈,2019_10_30,11,4
브롤스타즈,2019_10_31,15,0
브롤스타즈,2019_11_01,15,4
브롤스타즈,2019_11_02,19,9
브롤스타즈,2019_11_03,10,7
브롤스타즈,2019_11_04,17,3
브롤스타즈,2019_11_05,14,0
브롤스타즈,2019_11_06,14,2
브롤스타즈,2019_11_07,16,2
브롤스타즈,2019_11_08,18,2
브롤스타즈,2019_11_09,20,13
브롤스타즈,2019_11_10,7,7
브롤스타즈,2019_11_11,14,0
브롤스타즈,2019_11_12,14,0
브롤스타즈,2019_11_13,14,1
브롤스타즈,2019_11_14,15,0
브롤스타즈,2019_11_15,15,5
브롤스타즈,2019_11_16,20,5
브롤스타즈,2019_11_17,15,6
브롤스타즈,2019_11_18,9,2
브롤스타즈,2019_11_19,11,1
브롤스타즈,2019_11_20,10,4
브롤스타즈,2019_11_21,14,0
브롤스타즈,2019_11_22,14,3
브롤스타즈,2019_11_23,17,2
브롤스타즈,2019_11_24,15,2
브롤스타즈,2019_11_25,13,2
브롤스타즈,2019_11_26,15,4
브롤스타즈,2019_11_27,19,1
브롤스타즈,2019_11_28,18,4
브롤스타즈,2019_11_29,22,0
기적의 검,2019_09_09,101,0
기적의 검,2019_09_10,101,80
기적의 검,2019_09_11,21,10
기적의 검,2019_09_12,11,1
기적의 검,2019_09_13,10,7
기적의 검,2019_09_14,17,3
기적의 검,2019_09_15,20,0
기적의 검,2019_09_16,20,4
기적의 검,2019_09_17,16,1
기적의 검,2019_09_18,17,2
기적의 검,2019_09_19,15,0
기적의 검,2019_09_20,15,1
기적의 검,2019_09_21,14,0
기적의 검,2019_09_22,14,3
기적의 검,2019_09_23,17,2
기적의 검,2019_09_24,19,3
기적의 검,2019_09_25,16,0
기적의 검,2019_09_26,16,1
기적의 검,2019_09_27,15,5
기적의 검,2019_09_28,20,5
기적의 검,2019_09_29,25,2
기적의 검,2019_09_30,27,4
기적의 검,2019_10_01,31,2
기적의 검,2019_10_02,29,9
기적의 검,2019_10_03,20,0
기적의 검,2019_10_04,20,2
기적의 검,2019_10_05,22,2
기적의 검,2019_10_06,20,1
기적의 검,2019_10_07,21,1
기적의 검,2019_10_08,22,5
기적의 검,2019_10_09,27,2
기적의 검,2019_10_10,25,4
기적의 검,2019_10_11,29,2
기적의 검,2019_10_12,31,2
기적의 검,2019_10_13,29,1
기적의 검,2019_10_14,28,7
기적의 검,2019_10_15,21,2
기적의 검,2019_10_16,19,9
기적의 검,2019_10_17,10,1
기적의 검,2019_10_18,11,0
기적의 검,2019_10_19,11,4
기적의 검,2019_10_20,15,7
기적의 검,2019_10_21,22,1
기적의 검,2019_10_22,23,0
기적의 검,2019_10_23,23,2
기적의 검,2019_10_24,25,2
기적의 검,2019_10_25,23,3
기적의 검,2019_10_26,26,22
기적의 검,2019_10_27,48,22
기적의 검,2019_10_28,26,7
기적의 검,2019_10_29,19,0
기적의 검,2019_10_30,19,7
기적의 검,2019_10_31,12,89
기적의 검,2019_11_01,101,84
기적의 검,2019_11_02,17,6
기적의 검,2019_11_03,23,3
기적의 검,2019_11_04,20,4
기적의 검,2019_11_05,16,5
기적의 검,2019_11_06,21,0
기적의 검,2019_11_07,21,3
기적의 검,2019_11_08,24,8
기적의 검,2019_11_09,16,14
기적의 검,2019_11_10,30,9
기적의 검,2019_11_11,21,2
기적의 검,2019_11_12,19,0
기적의 검,2019_11_13,19,3
기적의 검,2019_11_14,16,0
기적의 검,2019_11_15,16,2
기적의 검,2019_11_16,14,6
기적의 검,2019_11_17,20,0
기적의 검,2019_11_18,20,2
기적의 검,2019_11_19,22,14
기적의 검,2019_11_20,36,19
기적의 검,2019_11_21,17,0
기적의 검,2019_11_22,17,6
기적의 검,2019_11_23,23,2
기적의 검,2019_11_24,21,1
기적의 검,2019_11_25,20,1
기적의 검,2019_11_26,19,2
기적의 검,2019_11_27,21,4
기적의 검,2019_11_28,17,3
기적의 검,2019_11_29,20,0
꿈의 정원 (Gardenscapes),2019_09_01,101,90
꿈의 정원 (Gardenscapes),2019_09_02,11,1
꿈의 정원 (Gardenscapes),2019_09_03,10,0
꿈의 정원 (Gardenscapes),2019_09_04,10,4
꿈의 정원 (Gardenscapes),2019_09_05,6,0
꿈의 정원 (Gardenscapes),2019_09_06,6,1
꿈의 정원 (Gardenscapes),2019_09_07,5,0
꿈의 정원 (Gardenscapes),2019_09_08,5,1
꿈의 정원 (Gardenscapes),2019_09_09,6,0
꿈의 정원 (Gardenscapes),2019_09_10,6,6
꿈의 정원 (Gardenscapes),2019_09_11,12,4
꿈의 정원 (Gardenscapes),2019_09_12,16,2
꿈의 정원 (Gardenscapes),2019_09_13,18,3
꿈의 정원 (Gardenscapes),2019_09_14,21,2
꿈의 정원 (Gardenscapes),2019_09_15,23,1
꿈의 정원 (Gardenscapes),2019_09_16,22,2
꿈의 정원 (Gardenscapes),2019_09_17,20,1
꿈의 정원 (Gardenscapes),2019_09_18,21,1
꿈의 정원 (Gardenscapes),2019_09_19,22,2
꿈의 정원 (Gardenscapes),2019_09_20,24,4
꿈의 정원 (Gardenscapes),2019_09_21,28,3
꿈의 정원 (Gardenscapes),2019_09_22,31,1
꿈의 정원 (Gardenscapes),2019_09_23,32,0
꿈의 정원 (Gardenscapes),2019_09_24,32,2
꿈의 정원 (Gardenscapes),2019_09_25,30,0
꿈의 정원 (Gardenscapes),2019_09_26,30,2
꿈의 정원 (Gardenscapes),2019_09_27,32,1
꿈의 정원 (Gardenscapes),2019_09_28,33,0
꿈의 정원 (Gardenscapes),2019_09_29,33,4
꿈의 정원 (Gardenscapes),2019_09_30,29,2
꿈의 정원 (Gardenscapes),2019_10_01,27,0
꿈의 정원 (Gardenscapes),2019_10_02,27,1
꿈의 정원 (Gardenscapes),2019_10_03,28,1
꿈의 정원 (Gardenscapes),2019_10_04,29,1
꿈의 정원 (Gardenscapes),2019_10_05,30,2
꿈의 정원 (Gardenscapes),2019_10_06,28,1
꿈의 정원 (Gardenscapes),2019_10_07,29,2
꿈의 정원 (Gardenscapes),2019_10_08,31,8
꿈의 정원 (Gardenscapes),2019_10_09,23,1
꿈의 정원 (Gardenscapes),2019_10_10,22,2
꿈의 정원 (Gardenscapes),2019_10_11,24,6
꿈의 정원 (Gardenscapes),2019_10_12,30,4
꿈의 정원 (Gardenscapes),2019_10_13,34,1
꿈의 정원 (Gardenscapes),2019_10_14,35,3
꿈의 정원 (Gardenscapes),2019_10_15,32,0
꿈의 정원 (Gardenscapes),2019_10_16,32,6
꿈의 정원 (Gardenscapes),2019_10_17,26,2
꿈의 정원 (Gardenscapes),2019_10_18,24,1
꿈의 정원 (Gardenscapes),2019_10_19,23,5
꿈의 정원 (Gardenscapes),2019_10_20,18,0
꿈의 정원 (Gardenscapes),2019_10_21,18,1
꿈의 정원 (Gardenscapes),2019_10_22,19,0
꿈의 정원 (Gardenscapes),2019_10_23,19,0
꿈의 정원 (Gardenscapes),2019_10_24,19,2
꿈의 정원 (Gardenscapes),2019_10_25,17,1
꿈의 정원 (Gardenscapes),2019_10_26,16,5
꿈의 정원 (Gardenscapes),2019_10_27,11,8
꿈의 정원 (Gardenscapes),2019_10_28,19,1
꿈의 정원 (Gardenscapes),2019_10_29,20,4
꿈의 정원 (Gardenscapes),2019_10_30,24,5
꿈의 정원 (Gardenscapes),2019_10_31,19,3
꿈의 정원 (Gardenscapes),2019_11_01,22,4
꿈의 정원 (Gardenscapes),2019_11_02,26,11
꿈의 정원 (Gardenscapes),2019_11_03,37,4
꿈의 정원 (Gardenscapes),2019_11_04,33,4
꿈의 정원 (Gardenscapes),2019_11_05,37,7
꿈의 정원 (Gardenscapes),2019_11_06,30,0
꿈의 정원 (Gardenscapes),2019_11_07,30,0
꿈의 정원 (Gardenscapes),2019_11_08,30,9
꿈의 정원 (Gardenscapes),2019_11_09,39,2
꿈의 정원 (Gardenscapes),2019_11_10,37,1
꿈의 정원 (Gardenscapes),2019_11_11,36,0
꿈의 정원 (Gardenscapes),2019_11_12,36,5
꿈의 정원 (Gardenscapes),2019_11_13,31,2
꿈의 정원 (Gardenscapes),2019_11_14,29,0
꿈의 정원 (Gardenscapes),2019_11_15,29,3
꿈의 정원 (Gardenscapes),2019_11_16,26,0
꿈의 정원 (Gardenscapes),2019_11_17,26,6
꿈의 정원 (Gardenscapes),2019_11_18,32,5
꿈의 정원 (Gardenscapes),2019_11_19,37,2
꿈의 정원 (Gardenscapes),2019_11_20,35,1
꿈의 정원 (Gardenscapes),2019_11_21,36,7
꿈의 정원 (Gardenscapes),2019_11_22,29,2
꿈의 정원 (Gardenscapes),2019_11_23,31,1
꿈의 정원 (Gardenscapes),2019_11_24,32,3
꿈의 정원 (Gardenscapes),2019_11_25,29,1
꿈의 정원 (Gardenscapes),2019_11_26,28,3
꿈의 정원 (Gardenscapes),2019_11_27,25,1
꿈의 정원 (Gardenscapes),2019_11_28,24,4
꿈의 정원 (Gardenscapes),2019_11_29,28,0
콜 오브 듀티: 모바일,2019_09_30,101,0
콜 오브 듀티: 모바일,2019_10_01,101,0
콜 오브 듀티: 모바일,2019_10_02,101,99
콜 오브 듀티: 모바일,2019_10_03,2,0
콜 오브 듀티: 모바일,2019_10_04,2,0
콜 오브 듀티: 모바일,2019_10_05,2,0
콜 오브 듀티: 모바일,2019_10_06,2,1
콜 오브 듀티: 모바일,2019_10_07,3,2
콜 오브 듀티: 모바일,2019_10_08,1,0
콜 오브 듀티: 모바일,2019_10_09,1,0
콜 오브 듀티: 모바일,2019_10_10,1,1
콜 오브 듀티: 모바일,2019_10_11,2,0
콜 오브 듀티: 모바일,2019_10_12,2,1
콜 오브 듀티: 모바일,2019_10_13,3,0
콜 오브 듀티: 모바일,2019_10_14,3,0
콜 오브 듀티: 모바일,2019_10_15,3,0
콜 오브 듀티: 모바일,2019_10_16,3,1
콜 오브 듀티: 모바일,2019_10_17,2,1
콜 오브 듀티: 모바일,2019_10_18,3,0
콜 오브 듀티: 모바일,2019_10_19,3,0
콜 오브 듀티: 모바일,2019_10_20,3,0
콜 오브 듀티: 모바일,2019_10_21,3,1
콜 오브 듀티: 모바일,2019_10_22,4,0
콜 오브 듀티: 모바일,2019_10_23,4,1
콜 오브 듀티: 모바일,2019_10_24,5,0
콜 오브 듀티: 모바일,2019_10_25,5,0
콜 오브 듀티: 모바일,2019_10_26,5,1
콜 오브 듀티: 모바일,2019_10_27,4,2
콜 오브 듀티: 모바일,2019_10_28,6,0
콜 오브 듀티: 모바일,2019_10_29,6,0
콜 오브 듀티: 모바일,2019_10_30,6,0
콜 오브 듀티: 모바일,2019_10_31,6,1
콜 오브 듀티: 모바일,2019_11_01,5,1
콜 오브 듀티: 모바일,2019_11_02,6,3
콜 오브 듀티: 모바일,2019_11_03,9,3
콜 오브 듀티: 모바일,2019_11_04,6,0
콜 오브 듀티: 모바일,2019_11_05,6,2
콜 오브 듀티: 모바일,2019_11_06,8,0
콜 오브 듀티: 모바일,2019_11_07,8,0
콜 오브 듀티: 모바일,2019_11_08,8,4
콜 오브 듀티: 모바일,2019_11_09,4,6
콜 오브 듀티: 모바일,2019_11_10,10,1
콜 오브 듀티: 모바일,2019_11_11,11,2
콜 오브 듀티: 모바일,2019_11_12,9,3
콜 오브 듀티: 모바일,2019_11_13,6,2
콜 오브 듀티: 모바일,2019_11_14,8,0
콜 오브 듀티: 모바일,2019_11_15,8,2
콜 오브 듀티: 모바일,2019_11_16,10,0
콜 오브 듀티: 모바일,2019_11_17,10,1
콜 오브 듀티: 모바일,2019_11_18,11,1
콜 오브 듀티: 모바일,2019_11_19,12,6
콜 오브 듀티: 모바일,2019_11_20,18,5
콜 오브 듀티: 모바일,2019_11_21,13,1
콜 오브 듀티: 모바일,2019_11_22,12,10
콜 오브 듀티: 모바일,2019_11_23,22,2
콜 오브 듀티: 모바일,2019_11_24,20,4
콜 오브 듀티: 모바일,2019_11_25,16,2
콜 오브 듀티: 모바일,2019_11_26,18,4
콜 오브 듀티: 모바일,2019_11_27,22,1
콜 오브 듀티: 모바일,2019_11_28,23,4
콜 오브 듀티: 모바일,2019_11_29,27,0
꿈의 집 (Homescapes),2019_09_01,15,0
꿈의 집 (Homescapes),2019_09_02,15,1
꿈의 집 (Homescapes),2019_09_03,14,1
꿈의 집 (Homescapes),2019_09_04,13,1
꿈의 집 (Homescapes),2019_09_05,12,1
꿈의 집 (Homescapes),2019_09_06,13,0
꿈의 집 (Homescapes),2019_09_07,13,0
꿈의 집 (Homescapes),2019_09_08,13,1
꿈의 집 (Homescapes),2019_09_09,14,4
꿈의 집 (Homescapes),2019_09_10,10,4
꿈의 집 (Homescapes),2019_09_11,14,0
꿈의 집 (Homescapes),2019_09_12,14,1
꿈의 집 (Homescapes),2019_09_13,13,1
꿈의 집 (Homescapes),2019_09_14,14,1
꿈의 집 (Homescapes),2019_09_15,15,0
꿈의 집 (Homescapes),2019_09_16,15,1
꿈의 집 (Homescapes),2019_09_17,14,6
꿈의 집 (Homescapes),2019_09_18,8,9
꿈의 집 (Homescapes),2019_09_19,17,2
꿈의 집 (Homescapes),2019_09_20,19,3
꿈의 집 (Homescapes),2019_09_21,22,1
꿈의 집 (Homescapes),2019_09_22,21,0
꿈의 집 (Homescapes),2019_09_23,21,1
꿈의 집 (Homescapes),2019_09_24,20,1
꿈의 집 (Homescapes),2019_09_25,19,0
꿈의 집 (Homescapes),2019_09_26,19,5
꿈의 집 (Homescapes),2019_09_27,24,4
꿈의 집 (Homescapes),2019_09_28,28,3
꿈의 집 (Homescapes),2019_09_29,31,5
꿈의 집 (Homescapes),2019_09_30,26,0
꿈의 집 (Homescapes),2019_10_01,26,0
꿈의 집 (Homescapes),2019_10_02,26,1
꿈의 집 (Homescapes),2019_10_03,25,1
꿈의 집 (Homescapes),2019_10_04,26,1
꿈의 집 (Homescapes),2019_10_05,27,2
꿈의 집 (Homescapes),2019_10_06,25,1
꿈의 집 (Homescapes),2019_10_07,26,1
꿈의 집 (Homescapes),2019_10_08,27,6
꿈의 집 (Homescapes),2019_10_09,21,2
꿈의 집 (Homescapes),2019_10_10,19,3
꿈의 집 (Homescapes),2019_10_11,22,3
꿈의 집 (Homescapes),2019_10_12,25,1
꿈의 집 (Homescapes),2019_10_13,26,1
꿈의 집 (Homescapes),2019_10_14,25,1
꿈의 집 (Homescapes),2019_10_15,26,0
꿈의 집 (Homescapes),2019_10_16,26,8
꿈의 집 (Homescapes),2019_10_17,18,3
꿈의 집 (Homescapes),2019_10_18,21,0
꿈의 집 (Homescapes),2019_10_19,21,4
꿈의 집 (Homescapes),2019_10_20,17,0
꿈의 집 (Homescapes),2019_10_21,17,1
꿈의 집 (Homescapes),2019_10_22,16,1
꿈의 집 (Homescapes),2019_10_23,17,3
꿈의 집 (Homescapes),2019_10_24,20,2
꿈의 집 (Homescapes),2019_10_25,18,0
꿈의 집 (Homescapes),2019_10_26,18,10
꿈의 집 (Homescapes),2019_10_27,28,10
꿈의 집 (Homescapes),2019_10_28,18,1
꿈의 집 (Homescapes),2019_10_29,17,0
꿈의 집 (Homescapes),2019_10_30,17,3
꿈의 집 (Homescapes),2019_10_31,20,1
꿈의 집 (Homescapes),2019_11_01,19,4
꿈의 집 (Homescapes),2019_11_02,23,8
꿈의 집 (Homescapes),2019_11_03,31,6
꿈의 집 (Homescapes),2019_11_04,25,5
꿈의 집 (Homescapes),2019_11_05,20,2
꿈의 집 (Homescapes),2019_11_06,18,1
꿈의 집 (Homescapes),2019_11_07,19,4
꿈의 집 (Homescapes),2019_11_08,23,3
꿈의 집 (Homescapes),2019_11_09,26,1
꿈의 집 (Homescapes),2019_11_10,25,5
꿈의 집 (Homescapes),2019_11_11,20,0
꿈의 집 (Homescapes),2019_11_12,20,0
꿈의 집 (Homescapes),2019_11_13,20,2
꿈의 집 (Homescapes),2019_11_14,22,0
꿈의 집 (Homescapes),2019_11_15,22,1
꿈의 집 (Homescapes),2019_11_16,23,0
꿈의 집 (Homescapes),2019_11_17,23,5
꿈의 집 (Homescapes),2019_11_18,18,2
꿈의 집 (Homescapes),2019_11_19,20,4
꿈의 집 (Homescapes),2019_11_20,16,5
꿈의 집 (Homescapes),2019_11_21,21,11
꿈의 집 (Homescapes),2019_11_22,32,4
꿈의 집 (Homescapes),2019_11_23,28,1
꿈의 집 (Homescapes),2019_11_24,27,1
꿈의 집 (Homescapes),2019_11_25,26,5
꿈의 집 (Homescapes),2019_11_26,21,3
꿈의 집 (Homescapes),2019_11_27,24,2
꿈의 집 (Homescapes),2019_11_28,26,4
꿈의 집 (Homescapes),2019_11_29,30,0
Fun Race 3D,2019_09_01,18,0
Fun Race 3D,2019_09_02,18,2
Fun Race 3D,2019_09_03,16,0
Fun Race 3D,2019_09_04,16,1
Fun Race 3D,2019_09_05,15,0
Fun Race 3D,2019_09_06,15,3
Fun Race 3D,2019_09_07,12,0
Fun Race 3D,2019_09_08,12,1
Fun Race 3D,2019_09_09,13,2
Fun Race 3D,2019_09_10,11,4
Fun Race 3D,2019_09_11,15,0
Fun Race 3D,2019_09_12,15,1
Fun Race 3D,2019_09_13,16,0
Fun Race 3D,2019_09_14,16,2
Fun Race 3D,2019_09_15,18,0
Fun Race 3D,2019_09_16,18,1
Fun Race 3D,2019_09_17,17,3
Fun Race 3D,2019_09_18,20,1
Fun Race 3D,2019_09_19,21,1
Fun Race 3D,2019_09_20,22,3
Fun Race 3D,2019_09_21,25,0
Fun Race 3D,2019_09_22,25,1
Fun Race 3D,2019_09_23,24,2
Fun Race 3D,2019_09_24,26,3
Fun Race 3D,2019_09_25,29,0
Fun Race 3D,2019_09_26,29,5
Fun Race 3D,2019_09_27,34,2
Fun Race 3D,2019_09_28,36,2
Fun Race 3D,2019_09_29,38,3
Fun Race 3D,2019_09_30,41,2
Fun Race 3D,2019_10_01,39,0
Fun Race 3D,2019_10_02,39,2
Fun Race 3D,2019_10_03,37,1
Fun Race 3D,2019_10_04,38,2
Fun Race 3D,2019_10_05,40,3
Fun Race 3D,2019_10_06,37,1
Fun Race 3D,2019_10_07,38,3
Fun Race 3D,2019_10_08,41,6
Fun Race 3D,2019_10_09,35,1
Fun Race 3D,2019_10_10,36,6
Fun Race 3D,2019_10_11,30,7
Fun Race 3D,2019_10_12,37,9
Fun Race 3D,2019_10_13,46,4
Fun Race 3D,2019_10_14,50,3
Fun Race 3D,2019_10_15,47,1
Fun Race 3D,2019_10_16,46,4
Fun Race 3D,2019_10_17,42,4
Fun Race 3D,2019_10_18,46,1
Fun Race 3D,2019_10_19,45,6
Fun Race 3D,2019_10_20,51,2
Fun Race 3D,2019_10_21,53,4
Fun Race 3D,2019_10_22,49,0
Fun Race 3D,2019_10_23,49,6
Fun Race 3D,2019_10_24,43,2
Fun Race 3D,2019_10_25,41,4
Fun Race 3D,2019_10_26,45,13
Fun Race 3D,2019_10_27,32,23
Fun Race 3D,2019_10_28,55,4
Fun Race 3D,2019_10_29,59,9
Fun Race 3D,2019_10_30,68,14
Fun Race 3D,2019_10_31,54,6
Fun Race 3D,2019_11_01,60,2
Fun Race 3D,2019_11_02,58,17
Fun Race 3D,2019_11_03,75,19
Fun Race 3D,2019_11_04,56,10
Fun Race 3D,2019_11_05,46,8
Fun Race 3D,2019_11_06,54,3
Fun Race 3D,2019_11_07,51,5
Fun Race 3D,2019_11_08,46,6
Fun Race 3D,2019_11_09,52,24
Fun Race 3D,2019_11_10,28,25
Fun Race 3D,2019_11_11,53,0
Fun Race 3D,2019_11_12,53,8
Fun Race 3D,2019_11_13,45,7
Fun Race 3D,2019_11_14,38,1
Fun Race 3D,2019_11_15,37,5
Fun Race 3D,2019_11_16,32,5
Fun Race 3D,2019_11_17,27,3
Fun Race 3D,2019_11_18,24,1
Fun Race 3D,2019_11_19,25,1
Fun Race 3D,2019_11_20,26,5
Fun Race 3D,2019_11_21,31,5
Fun Race 3D,2019_11_22,26,4
Fun Race 3D,2019_11_23,30,4
Fun Race 3D,2019_11_24,26,4
Fun Race 3D,2019_11_25,22,2
Fun Race 3D,2019_11_26,20,6
Fun Race 3D,2019_11_27,26,2
Fun Race 3D,2019_11_28,28,3
Fun Race 3D,2019_11_29,31,0
Cannon Shot!,2019_11_07,101,0
Cannon Shot!,2019_11_08,101,0
Cannon Shot!,2019_11_09,101,0
Cannon Shot!,2019_11_10,101,0
Cannon Shot!,2019_11_11,101,0
Cannon Shot!,2019_11_12,101,0
Cannon Shot!,2019_11_13,101,29
Cannon Shot!,2019_11_14,72,0
Cannon Shot!,2019_11_15,72,44
Cannon Shot!,2019_11_16,28,2
Cannon Shot!,2019_11_17,30,4
Cannon Shot!,2019_11_18,34,8
Cannon Shot!,2019_11_19,26,5
Cannon Shot!,2019_11_20,21,1
Cannon Shot!,2019_11_21,20,5
Cannon Shot!,2019_11_22,15,4
Cannon Shot!,2019_11_23,19,1
Cannon Shot!,2019_11_24,18,3
Cannon Shot!,2019_11_25,15,1
Cannon Shot!,2019_11_26,14,0
Cannon Shot!,2019_11_27,14,7
Cannon Shot!,2019_11_28,21,8
Cannon Shot!,2019_11_29,29,0
Stencil Art - Spray Masters,2019_11_17,101,0
Stencil Art - Spray Masters,2019_11_18,101,0
Stencil Art - Spray Masters,2019_11_19,101,1
Stencil Art - Spray Masters,2019_11_20,100,49
Stencil Art - Spray Masters,2019_11_21,51,29
Stencil Art - Spray Masters,2019_11_22,22,6
Stencil Art - Spray Masters,2019_11_23,16,3
Stencil Art - Spray Masters,2019_11_24,19,9
Stencil Art - Spray Masters,2019_11_25,28,28
Stencil Art - Spray Masters,2019_11_26,56,16
Stencil Art - Spray Masters,2019_11_27,72,10
Stencil Art - Spray Masters,2019_11_28,62,19
Stencil Art - Spray Masters,2019_11_29,43,0
Tales Rush!,2019_09_09,101,0
Tales Rush!,2019_09_10,101,0
Tales Rush!,2019_09_11,101,0
Tales Rush!,2019_09_12,101,0
Tales Rush!,2019_09_13,101,0
Tales Rush!,2019_09_14,101,0
Tales Rush!,2019_09_15,101,0
Tales Rush!,2019_09_16,101,0
Tales Rush!,2019_09_17,101,0
Tales Rush!,2019_09_18,101,0
Tales Rush!,2019_09_19,101,0
Tales Rush!,2019_09_20,101,0
Tales Rush!,2019_09_21,101,0
Tales Rush!,2019_09_22,101,0
Tales Rush!,2019_09_23,101,0
Tales Rush!,2019_09_24,101,0
Tales Rush!,2019_09_25,101,0
Tales Rush!,2019_09_26,101,0
Tales Rush!,2019_09_27,101,0
Tales Rush!,2019_09_28,101,0
Tales Rush!,2019_09_29,101,0
Tales Rush!,2019_09_30,101,0
Tales Rush!,2019_10_01,101,0
Tales Rush!,2019_10_02,101,0
Tales Rush!,2019_10_03,101,0
Tales Rush!,2019_10_04,101,0
Tales Rush!,2019_10_05,101,0
Tales Rush!,2019_10_06,101,0
Tales Rush!,2019_10_07,101,0
Tales Rush!,2019_10_08,101,0
Tales Rush!,2019_10_09,101,0
Tales Rush!,2019_10_10,101,0
Tales Rush!,2019_10_11,101,0
Tales Rush!,2019_10_12,101,0
Tales Rush!,2019_10_13,101,0
Tales Rush!,2019_10_14,101,0
Tales Rush!,2019_10_15,101,0
Tales Rush!,2019_10_16,101,0
Tales Rush!,2019_10_17,101,0
Tales Rush!,2019_10_18,101,0
Tales Rush!,2019_10_19,101,0
Tales Rush!,2019_10_20,101,0
Tales Rush!,2019_10_21,101,0
Tales Rush!,2019_10_22,101,0
Tales Rush!,2019_10_23,101,0
Tales Rush!,2019_10_24,101,0
Tales Rush!,2019_10_25,101,0
Tales Rush!,2019_10_26,101,0
Tales Rush!,2019_10_27,101,0
Tales Rush!,2019_10_28,101,0
Tales Rush!,2019_10_29,101,0
Tales Rush!,2019_10_30,101,0
Tales Rush!,2019_10_31,101,0
Tales Rush!,2019_11_01,101,0
Tales Rush!,2019_11_02,101,0
Tales Rush!,2019_11_03,101,0
Tales Rush!,2019_11_04,101,0
Tales Rush!,2019_11_05,101,0
Tales Rush!,2019_11_06,101,0
Tales Rush!,2019_11_07,101,0
Tales Rush!,2019_11_08,101,0
Tales Rush!,2019_11_09,101,0
Tales Rush!,2019_11_10,101,0
Tales Rush!,2019_11_11,101,0
Tales Rush!,2019_11_12,101,0
Tales Rush!,2019_11_13,101,0
Tales Rush!,2019_11_14,101,0
Tales Rush!,2019_11_15,101,0
Tales Rush!,2019_11_16,101,0
Tales Rush!,2019_11_17,101,0
Tales Rush!,2019_11_18,101,0
Tales Rush!,2019_11_19,101,0
Tales Rush!,2019_11_20,101,0
Tales Rush!,2019_11_21,101,0
Tales Rush!,2019_11_22,101,66
Tales Rush!,2019_11_23,35,1
Tales Rush!,2019_11_24,34,7
Tales Rush!,2019_11_25,41,3
Tales Rush!,2019_11_26,38,15
Tales Rush!,2019_11_27,23,1
Tales Rush!,2019_11_28,22,1
Tales Rush!,2019_11_29,23,0
Supreme Duelist Stickman,2019_09_01,101,1
Supreme Duelist Stickman,2019_09_02,100,11
Supreme Duelist Stickman,2019_09_03,89,9
Supreme Duelist Stickman,2019_09_04,80,6
Supreme Duelist Stickman,2019_09_05,74,8
Supreme Duelist Stickman,2019_09_06,66,6
Supreme Duelist Stickman,2019_09_07,60,1
Supreme Duelist Stickman,2019_09_08,61,3
Supreme Duelist Stickman,2019_09_09,64,3
Supreme Duelist Stickman,2019_09_10,67,32
Supreme Duelist Stickman,2019_09_11,99,9
Supreme Duelist Stickman,2019_09_12,90,8
Supreme Duelist Stickman,2019_09_13,82,3
Supreme Duelist Stickman,2019_09_14,79,1
Supreme Duelist Stickman,2019_09_15,80,7
Supreme Duelist Stickman,2019_09_16,87,14
Supreme Duelist Stickman,2019_09_17,101,0
Supreme Duelist Stickman,2019_09_18,101,0
Supreme Duelist Stickman,2019_09_19,101,0
Supreme Duelist Stickman,2019_09_20,101,0
Supreme Duelist Stickman,2019_09_21,101,16
Supreme Duelist Stickman,2019_09_22,85,2
Supreme Duelist Stickman,2019_09_23,87,7
Supreme Duelist Stickman,2019_09_24,94,7
Supreme Duelist Stickman,2019_09_25,101,0
Supreme Duelist Stickman,2019_09_26,101,12
Supreme Duelist Stickman,2019_09_27,89,7
Supreme Duelist Stickman,2019_09_28,82,11
Supreme Duelist Stickman,2019_09_29,71,29
Supreme Duelist Stickman,2019_09_30,42,23
Supreme Duelist Stickman,2019_10_01,65,2
Supreme Duelist Stickman,2019_10_02,67,8
Supreme Duelist Stickman,2019_10_03,75,2
Supreme Duelist Stickman,2019_10_04,77,2
Supreme Duelist Stickman,2019_10_05,79,3
Supreme Duelist Stickman,2019_10_06,76,2
Supreme Duelist Stickman,2019_10_07,78,3
Supreme Duelist Stickman,2019_10_08,81,3
Supreme Duelist Stickman,2019_10_09,84,5
Supreme Duelist Stickman,2019_10_10,89,9
Supreme Duelist Stickman,2019_10_11,80,1
Supreme Duelist Stickman,2019_10_12,79,1
Supreme Duelist Stickman,2019_10_13,80,16
Supreme Duelist Stickman,2019_10_14,96,5
Supreme Duelist Stickman,2019_10_15,101,0
Supreme Duelist Stickman,2019_10_16,101,0
Supreme Duelist Stickman,2019_10_17,101,0
Supreme Duelist Stickman,2019_10_18,101,0
Supreme Duelist Stickman,2019_10_19,101,0
Supreme Duelist Stickman,2019_10_20,101,16
Supreme Duelist Stickman,2019_10_21,85,2
Supreme Duelist Stickman,2019_10_22,83,0
Supreme Duelist Stickman,2019_10_23,83,7
Supreme Duelist Stickman,2019_10_24,76,8
Supreme Duelist Stickman,2019_10_25,84,16
Supreme Duelist Stickman,2019_10_26,100,33
Supreme Duelist Stickman,2019_10_27,67,34
Supreme Duelist Stickman,2019_10_28,101,0
Supreme Duelist Stickman,2019_10_29,101,0
Supreme Duelist Stickman,2019_10_30,101,0
Supreme Duelist Stickman,2019_10_31,101,0
Supreme Duelist Stickman,2019_11_01,101,0
Supreme Duelist Stickman,2019_11_02,101,38
Supreme Duelist Stickman,2019_11_03,63,38
Supreme Duelist Stickman,2019_11_04,101,15
Supreme Duelist Stickman,2019_11_05,86,10
Supreme Duelist Stickman,2019_11_06,96,17
Supreme Duelist Stickman,2019_11_07,79,6
Supreme Duelist Stickman,2019_11_08,73,12
Supreme Duelist Stickman,2019_11_09,85,6
Supreme Duelist Stickman,2019_11_10,91,4
Supreme Duelist Stickman,2019_11_11,95,0
Supreme Duelist Stickman,2019_11_12,95,18
Supreme Duelist Stickman,2019_11_13,77,13
Supreme Duelist Stickman,2019_11_14,64,0
Supreme Duelist Stickman,2019_11_15,64,16
Supreme Duelist Stickman,2019_11_16,48,11
Supreme Duelist Stickman,2019_11_17,37,9
Supreme Duelist Stickman,2019_11_18,28,6
Supreme Duelist Stickman,2019_11_19,34,5
Supreme Duelist Stickman,2019_11_20,39,10
Supreme Duelist Stickman,2019_11_21,49,9
Supreme Duelist Stickman,2019_11_22,40,11
Supreme Duelist Stickman,2019_11_23,51,14
Supreme Duelist Stickman,2019_11_24,37,7
Supreme Duelist Stickman,2019_11_25,30,7
Supreme Duelist Stickman,2019_11_26,37,7
Supreme Duelist Stickman,2019_11_27,44,0
Supreme Duelist Stickman,2019_11_28,44,2
Supreme Duelist Stickman,2019_11_29,42,0
Clash of Blocks,2019_11_01,101,0
Clash of Blocks,2019_11_02,101,0
Clash of Blocks,2019_11_03,101,0
Clash of Blocks,2019_11_04,101,0
Clash of Blocks,2019_11_05,101,0
Clash of Blocks,2019_11_06,101,0
Clash of Blocks,2019_11_07,101,0
Clash of Blocks,2019_11_08,101,0
Clash of Blocks,2019_11_09,101,26
Clash of Blocks,2019_11_10,75,26
Clash of Blocks,2019_11_11,101,0
Clash of Blocks,2019_11_12,101,0
Clash of Blocks,2019_11_13,101,0
Clash of Blocks,2019_11_14,101,0
Clash of Blocks,2019_11_15,101,17
Clash of Blocks,2019_11_16,84,4
Clash of Blocks,2019_11_17,88,5
Clash of Blocks,2019_11_18,83,11
Clash of Blocks,2019_11_19,72,22
Clash of Blocks,2019_11_20,50,24
Clash of Blocks,2019_11_21,26,1
Clash of Blocks,2019_11_22,27,13
Clash of Blocks,2019_11_23,14,2
Clash of Blocks,2019_11_24,16,2
Clash of Blocks,2019_11_25,14,3
Clash of Blocks,2019_11_26,17,0
Clash of Blocks,2019_11_27,17,2
Clash of Blocks,2019_11_28,19,5
Clash of Blocks,2019_11_29,24,0
클래시 로얄,2019_09_01,54,6
클래시 로얄,2019_09_02,48,2
클래시 로얄,2019_09_03,50,3
클래시 로얄,2019_09_04,53,1
클래시 로얄,2019_09_05,54,1
클래시 로얄,2019_09_06,53,2
클래시 로얄,2019_09_07,55,5
클래시 로얄,2019_09_08,50,6
클래시 로얄,2019_09_09,56,3
클래시 로얄,2019_09_10,53,11
클래시 로얄,2019_09_11,64,6
클래시 로얄,2019_09_12,58,11
클래시 로얄,2019_09_13,47,0
클래시 로얄,2019_09_14,47,0
클래시 로얄,2019_09_15,47,2
클래시 로얄,2019_09_16,49,11
클래시 로얄,2019_09_17,60,1
클래시 로얄,2019_09_18,61,5
클래시 로얄,2019_09_19,66,1
클래시 로얄,2019_09_20,65,5
클래시 로얄,2019_09_21,60,10
클래시 로얄,2019_09_22,50,1
클래시 로얄,2019_09_23,51,8
클래시 로얄,2019_09_24,59,1
클래시 로얄,2019_09_25,60,0
클래시 로얄,2019_09_26,60,0
클래시 로얄,2019_09_27,60,1
클래시 로얄,2019_09_28,61,1
클래시 로얄,2019_09_29,60,5
클래시 로얄,2019_09_30,55,1
클래시 로얄,2019_10_01,54,2
클래시 로얄,2019_10_02,52,5
클래시 로얄,2019_10_03,47,1
클래시 로얄,2019_10_04,48,1
클래시 로얄,2019_10_05,49,3
클래시 로얄,2019_10_06,46,1
클래시 로얄,2019_10_07,47,5
클래시 로얄,2019_10_08,52,10
클래시 로얄,2019_10_09,62,5
클래시 로얄,2019_10_10,57,4
클래시 로얄,2019_10_11,53,2
클래시 로얄,2019_10_12,55,1
클래시 로얄,2019_10_13,54,1
클래시 로얄,2019_10_14,55,1
클래시 로얄,2019_10_15,56,1
클래시 로얄,2019_10_16,57,4
클래시 로얄,2019_10_17,53,1
클래시 로얄,2019_10_18,52,3
클래시 로얄,2019_10_19,49,13
클래시 로얄,2019_10_20,36,2
클래시 로얄,2019_10_21,38,2
클래시 로얄,2019_10_22,40,0
클래시 로얄,2019_10_23,40,6
클래시 로얄,2019_10_24,46,3
클래시 로얄,2019_10_25,49,4
클래시 로얄,2019_10_26,53,15
클래시 로얄,2019_10_27,68,18
클래시 로얄,2019_10_28,50,4
클래시 로얄,2019_10_29,54,10
클래시 로얄,2019_10_30,44,14
클래시 로얄,2019_10_31,58,7
클래시 로얄,2019_11_01,65,2
클래시 로얄,2019_11_02,63,10
클래시 로얄,2019_11_03,73,19
클래시 로얄,2019_11_04,54,4
클래시 로얄,2019_11_05,50,11
클래시 로얄,2019_11_06,39,16
클래시 로얄,2019_11_07,55,17
클래시 로얄,2019_11_08,38,13
클래시 로얄,2019_11_09,51,2
클래시 로얄,2019_11_10,53,19
클래시 로얄,2019_11_11,34,3
클래시 로얄,2019_11_12,37,4
클래시 로얄,2019_11_13,41,2
클래시 로얄,2019_11_14,43,0
클래시 로얄,2019_11_15,43,2
클래시 로얄,2019_11_16,41,2
클래시 로얄,2019_11_17,39,1
클래시 로얄,2019_11_18,38,6
클래시 로얄,2019_11_19,44,3
클래시 로얄,2019_11_20,47,3
클래시 로얄,2019_11_21,50,23
클래시 로얄,2019_11_22,73,20
클래시 로얄,2019_11_23,53,9
클래시 로얄,2019_11_24,44,2
클래시 로얄,2019_11_25,42,3
클래시 로얄,2019_11_26,45,11
클래시 로얄,2019_11_27,56,3
클래시 로얄,2019_11_28,53,17
클래시 로얄,2019_11_29,36,0
V4,2019_09_25,101,0
V4,2019_09_26,101,0
V4,2019_09_27,101,0
V4,2019_09_28,101,0
V4,2019_09_29,101,0
V4,2019_09_30,101,0
V4,2019_10_01,101,0
V4,2019_10_02,101,0
V4,2019_10_03,101,0
V4,2019_10_04,101,0
V4,2019_10_05,101,0
V4,2019_10_06,101,0
V4,2019_10_07,101,0
V4,2019_10_08,101,0
V4,2019_10_09,101,0
V4,2019_10_10,101,0
V4,2019_10_11,101,0
V4,2019_10_12,101,0
V4,2019_10_13,101,0
V4,2019_10_14,101,0
V4,2019_10_15,101,0
V4,2019_10_16,101,0
V4,2019_10_17,101,0
V4,2019_10_18,101,0
V4,2019_10_19,101,0
V4,2019_10_20,101,0
V4,2019_10_21,101,0
V4,2019_10_22,101,0
V4,2019_10_23,101,0
V4,2019_10_24,101,0
V4,2019_10_25,101,0
V4,2019_10_26,101,0
V4,2019_10_27,101,0
V4,2019_10_28,101,0
V4,2019_10_29,101,0
V4,2019_10_30,101,0
V4,2019_10_31,101,0
V4,2019_11_01,101,0
V4,2019_11_02,101,0
V4,2019_11_03,101,0
V4,2019_11_04,101,0
V4,2019_11_05,101,0
V4,2019_11_06,101,100
V4,2019_11_07,1,0
V4,2019_11_08,1,0
V4,2019_11_09,1,0
V4,2019_11_10,1,0
V4,2019_11_11,1,0
V4,2019_11_12,1,0
V4,2019_11_13,1,1
V4,2019_11_14,2,0
V4,2019_11_15,2,0
V4,2019_11_16,2,2
V4,2019_11_17,4,3
V4,2019_11_18,7,0
V4,2019_11_19,7,2
V4,2019_11_20,9,0
V4,2019_11_21,9,9
V4,2019_11_22,18,2
V4,2019_11_23,20,32
V4,2019_11_24,52,24
V4,2019_11_25,76,8
V4,2019_11_26,68,7
V4,2019_11_27,61,10
V4,2019_11_28,51,19
V4,2019_11_29,32,0
Crazy Shopping,2019_10_19,101,0
Crazy Shopping,2019_10_20,101,0
Crazy Shopping,2019_10_21,101,0
Crazy Shopping,2019_10_22,101,0
Crazy Shopping,2019_10_23,101,0
Crazy Shopping,2019_10_24,101,0
Crazy Shopping,2019_10_25,101,0
Crazy Shopping,2019_10_26,101,0
Crazy Shopping,2019_10_27,101,0
Crazy Shopping,2019_10_28,101,0
Crazy Shopping,2019_10_29,101,0
Crazy Shopping,2019_10_30,101,20
Crazy Shopping,2019_10_31,81,1
Crazy Shopping,2019_11_01,80,55
Crazy Shopping,2019_11_02,25,3
Crazy Shopping,2019_11_03,22,14
Crazy Shopping,2019_11_04,8,3
Crazy Shopping,2019_11_05,5,1
Crazy Shopping,2019_11_06,6,1
Crazy Shopping,2019_11_07,7,0
Crazy Shopping,2019_11_08,7,1
Crazy Shopping,2019_11_09,8,0
Crazy Shopping,2019_11_10,8,3
Crazy Shopping,2019_11_11,5,1
Crazy Shopping,2019_11_12,4,1
Crazy Shopping,2019_11_13,5,1
Crazy Shopping,2019_11_14,6,0
Crazy Shopping,2019_11_15,6,2
Crazy Shopping,2019_11_16,8,1
Crazy Shopping,2019_11_17,9,1
Crazy Shopping,2019_11_18,8,1
Crazy Shopping,2019_11_19,9,3
Crazy Shopping,2019_11_20,12,7
Crazy Shopping,2019_11_21,19,16
Crazy Shopping,2019_11_22,35,3
Crazy Shopping,2019_11_23,32,9
Crazy Shopping,2019_11_24,23,2
Crazy Shopping,2019_11_25,21,6
Crazy Shopping,2019_11_26,27,11
Crazy Shopping,2019_11_27,38,5
Crazy Shopping,2019_11_28,33,5
Crazy Shopping,2019_11_29,38,0
왕비의 맛,2019_09_25,101,0
왕비의 맛,2019_09_26,101,0
왕비의 맛,2019_09_27,101,28
왕비의 맛,2019_09_28,73,55
왕비의 맛,2019_09_29,18,12
왕비의 맛,2019_09_30,30,39
왕비의 맛,2019_10_01,69,21
왕비의 맛,2019_10_02,90,11
왕비의 맛,2019_10_03,101,0
왕비의 맛,2019_10_04,101,0
왕비의 맛,2019_10_05,101,0
왕비의 맛,2019_10_06,101,0
왕비의 맛,2019_10_07,101,0
왕비의 맛,2019_10_08,101,0
왕비의 맛,2019_10_09,101,0
왕비의 맛,2019_10_10,101,0
왕비의 맛,2019_10_11,101,0
왕비의 맛,2019_10_12,101,0
왕비의 맛,2019_10_13,101,0
왕비의 맛,2019_10_14,101,0
왕비의 맛,2019_10_15,101,0
왕비의 맛,2019_10_16,101,0
왕비의 맛,2019_10_17,101,0
왕비의 맛,2019_10_18,101,0
왕비의 맛,2019_10_19,101,0
왕비의 맛,2019_10_20,101,0
왕비의 맛,2019_10_21,101,0
왕비의 맛,2019_10_22,101,0
왕비의 맛,2019_10_23,101,0
왕비의 맛,2019_10_24,101,0
왕비의 맛,2019_10_25,101,0
왕비의 맛,2019_10_26,101,0
왕비의 맛,2019_10_27,101,0
왕비의 맛,2019_10_28,101,0
왕비의 맛,2019_10_29,101,0
왕비의 맛,2019_10_30,101,0
왕비의 맛,2019_10_31,101,0
왕비의 맛,2019_11_01,101,0
왕비의 맛,2019_11_02,101,0
왕비의 맛,2019_11_03,101,0
왕비의 맛,2019_11_04,101,0
왕비의 맛,2019_11_05,101,0
왕비의 맛,2019_11_06,101,0
왕비의 맛,2019_11_07,101,0
왕비의 맛,2019_11_08,101,0
왕비의 맛,2019_11_09,101,0
왕비의 맛,2019_11_10,101,0
왕비의 맛,2019_11_11,101,0
왕비의 맛,2019_11_12,101,0
왕비의 맛,2019_11_13,101,0
왕비의 맛,2019_11_14,101,0
왕비의 맛,2019_11_15,101,0
왕비의 맛,2019_11_16,101,0
왕비의 맛,2019_11_17,101,0
왕비의 맛,2019_11_18,101,0
왕비의 맛,2019_11_19,101,0
왕비의 맛,2019_11_20,101,0
왕비의 맛,2019_11_21,101,0
왕비의 맛,2019_11_22,101,77
왕비의 맛,2019_11_23,24,6
왕비의 맛,2019_11_24,30,13
왕비의 맛,2019_11_25,43,0
왕비의 맛,2019_11_26,43,15
왕비의 맛,2019_11_27,28,1
왕비의 맛,2019_11_28,29,4
왕비의 맛,2019_11_29,33,0
1945,2019_09_01,86,5
1945,2019_09_02,91,2
1945,2019_09_03,93,7
1945,2019_09_04,86,13
1945,2019_09_05,73,14
1945,2019_09_06,59,18
1945,2019_09_07,41,4
1945,2019_09_08,45,5
1945,2019_09_09,50,6
1945,2019_09_10,44,8
1945,2019_09_11,36,6
1945,2019_09_12,30,8
1945,2019_09_13,38,14
1945,2019_09_14,52,4
1945,2019_09_15,56,1
1945,2019_09_16,57,3
1945,2019_09_17,54,7
1945,2019_09_18,47,10
1945,2019_09_19,37,2
1945,2019_09_20,35,6
1945,2019_09_21,41,6
1945,2019_09_22,47,6
1945,2019_09_23,53,5
1945,2019_09_24,48,6
1945,2019_09_25,42,0
1945,2019_09_26,42,2
1945,2019_09_27,44,0
1945,2019_09_28,44,0
1945,2019_09_29,44,14
1945,2019_09_30,58,1
1945,2019_10_01,59,4
1945,2019_10_02,55,6
1945,2019_10_03,49,1
1945,2019_10_04,50,1
1945,2019_10_05,51,3
1945,2019_10_06,48,3
1945,2019_10_07,51,3
1945,2019_10_08,54,14
1945,2019_10_09,40,5
1945,2019_10_10,35,1
1945,2019_10_11,34,5
1945,2019_10_12,29,4
1945,2019_10_13,33,4
1945,2019_10_14,37,4
1945,2019_10_15,33,0
1945,2019_10_16,33,3
1945,2019_10_17,30,4
1945,2019_10_18,26,0
1945,2019_10_19,26,0
1945,2019_10_20,26,17
1945,2019_10_21,43,0
1945,2019_10_22,43,1
1945,2019_10_23,42,21
1945,2019_10_24,21,19
1945,2019_10_25,40,8
1945,2019_10_26,48,24
1945,2019_10_27,72,5
1945,2019_10_28,77,1
1945,2019_10_29,76,4
1945,2019_10_30,80,30
1945,2019_10_31,50,5
1945,2019_11_01,45,1
1945,2019_11_02,46,20
1945,2019_11_03,66,1
1945,2019_11_04,67,3
1945,2019_11_05,70,2
1945,2019_11_06,72,5
1945,2019_11_07,67,2
1945,2019_11_08,69,18
1945,2019_11_09,87,0
1945,2019_11_10,87,14
1945,2019_11_11,101,0
1945,2019_11_12,101,8
1945,2019_11_13,93,12
1945,2019_11_14,81,0
1945,2019_11_15,81,7
1945,2019_11_16,74,5
1945,2019_11_17,79,22
1945,2019_11_18,101,15
1945,2019_11_19,86,20
1945,2019_11_20,66,4
1945,2019_11_21,62,12
1945,2019_11_22,50,13
1945,2019_11_23,63,24
1945,2019_11_24,87,10
1945,2019_11_25,97,13
1945,2019_11_26,84,10
1945,2019_11_27,74,13
1945,2019_11_28,61,13
1945,2019_11_29,48,0
궁수의 전설,2019_09_01,13,1
궁수의 전설,2019_09_02,14,1
궁수의 전설,2019_09_03,15,0
궁수의 전설,2019_09_04,15,1
궁수의 전설,2019_09_05,14,0
궁수의 전설,2019_09_06,14,6
궁수의 전설,2019_09_07,8,0
궁수의 전설,2019_09_08,8,2
궁수의 전설,2019_09_09,10,1
궁수의 전설,2019_09_10,9,1
궁수의 전설,2019_09_11,10,2
궁수의 전설,2019_09_12,12,0
궁수의 전설,2019_09_13,12,2
궁수의 전설,2019_09_14,10,1
궁수의 전설,2019_09_15,11,3
궁수의 전설,2019_09_16,14,1
궁수의 전설,2019_09_17,15,1
궁수의 전설,2019_09_18,16,0
궁수의 전설,2019_09_19,16,2
궁수의 전설,2019_09_20,18,2
궁수의 전설,2019_09_21,20,2
궁수의 전설,2019_09_22,22,1
궁수의 전설,2019_09_23,23,1
궁수의 전설,2019_09_24,22,0
궁수의 전설,2019_09_25,22,0
궁수의 전설,2019_09_26,22,3
궁수의 전설,2019_09_27,19,2
궁수의 전설,2019_09_28,21,2
궁수의 전설,2019_09_29,23,1
궁수의 전설,2019_09_30,22,2
궁수의 전설,2019_10_01,24,1
궁수의 전설,2019_10_02,25,1
궁수의 전설,2019_10_03,24,1
궁수의 전설,2019_10_04,25,1
궁수의 전설,2019_10_05,26,2
궁수의 전설,2019_10_06,24,1
궁수의 전설,2019_10_07,25,1
궁수의 전설,2019_10_08,26,3
궁수의 전설,2019_10_09,29,1
궁수의 전설,2019_10_10,28,3
궁수의 전설,2019_10_11,25,9
궁수의 전설,2019_10_12,34,2
궁수의 전설,2019_10_13,36,9
궁수의 전설,2019_10_14,27,5
궁수의 전설,2019_10_15,22,2
궁수의 전설,2019_10_16,20,6
궁수의 전설,2019_10_17,14,4
궁수의 전설,2019_10_18,18,1
궁수의 전설,2019_10_19,17,1
궁수의 전설,2019_10_20,16,4
궁수의 전설,2019_10_21,12,0
궁수의 전설,2019_10_22,12,0
궁수의 전설,2019_10_23,12,4
궁수의 전설,2019_10_24,8,6
궁수의 전설,2019_10_25,14,5
궁수의 전설,2019_10_26,19,14
궁수의 전설,2019_10_27,33,5
궁수의 전설,2019_10_28,28,1
궁수의 전설,2019_10_29,29,0
궁수의 전설,2019_10_30,29,2
궁수의 전설,2019_10_31,27,4
궁수의 전설,2019_11_01,31,3
궁수의 전설,2019_11_02,34,7
궁수의 전설,2019_11_03,41,6
궁수의 전설,2019_11_04,35,14
궁수의 전설,2019_11_05,49,1
궁수의 전설,2019_11_06,50,12
궁수의 전설,2019_11_07,38,5
궁수의 전설,2019_11_08,33,7
궁수의 전설,2019_11_09,40,4
궁수의 전설,2019_11_10,44,5
궁수의 전설,2019_11_11,39,3
궁수의 전설,2019_11_12,42,8
궁수의 전설,2019_11_13,34,4
궁수의 전설,2019_11_14,30,1
궁수의 전설,2019_11_15,31,1
궁수의 전설,2019_11_16,30,4
궁수의 전설,2019_11_17,34,13
궁수의 전설,2019_11_18,47,4
궁수의 전설,2019_11_19,51,10
궁수의 전설,2019_11_20,41,1
궁수의 전설,2019_11_21,40,9
궁수의 전설,2019_11_22,31,10
궁수의 전설,2019_11_23,41,1
궁수의 전설,2019_11_24,42,10
궁수의 전설,2019_11_25,52,6
궁수의 전설,2019_11_26,58,5
궁수의 전설,2019_11_27,53,8
궁수의 전설,2019_11_28,45,6
궁수의 전설,2019_11_29,39,0
배틀그라운드,2019_09_01,101,80
배틀그라운드,2019_09_02,21,1
배틀그라운드,2019_09_03,22,2
배틀그라운드,2019_09_04,20,1
배틀그라운드,2019_09_05,19,0
배틀그라운드,2019_09_06,19,2
배틀그라운드,2019_09_07,17,0
배틀그라운드,2019_09_08,17,0
배틀그라운드,2019_09_09,17,2
배틀그라운드,2019_09_10,15,1
배틀그라운드,2019_09_11,16,2
배틀그라운드,2019_09_12,18,1
배틀그라운드,2019_09_13,17,8
배틀그라운드,2019_09_14,9,0
배틀그라운드,2019_09_15,9,1
배틀그라운드,2019_09_16,8,0
배틀그라운드,2019_09_17,8,3
배틀그라운드,2019_09_18,11,0
배틀그라운드,2019_09_19,11,0
배틀그라운드,2019_09_20,11,5
배틀그라운드,2019_09_21,16,1
배틀그라운드,2019_09_22,17,2
배틀그라운드,2019_09_23,19,2
배틀그라운드,2019_09_24,21,3
배틀그라운드,2019_09_25,18,0
배틀그라운드,2019_09_26,18,2
배틀그라운드,2019_09_27,16,8
배틀그라운드,2019_09_28,24,2
배틀그라운드,2019_09_29,26,3
배틀그라운드,2019_09_30,23,2
배틀그라운드,2019_10_01,25,2
배틀그라운드,2019_10_02,23,4
배틀그라운드,2019_10_03,27,1
배틀그라운드,2019_10_04,28,1
배틀그라운드,2019_10_05,29,2
배틀그라운드,2019_10_06,27,1
배틀그라운드,2019_10_07,28,2
배틀그라운드,2019_10_08,30,6
배틀그라운드,2019_10_09,24,2
배틀그라운드,2019_10_10,26,1
배틀그라운드,2019_10_11,27,8
배틀그라운드,2019_10_12,35,3
배틀그라운드,2019_10_13,32,1
배틀그라운드,2019_10_14,31,4
배틀그라운드,2019_10_15,27,0
배틀그라운드,2019_10_16,27,10
배틀그라운드,2019_10_17,17,3
배틀그라운드,2019_10_18,20,1
배틀그라운드,2019_10_19,19,6
배틀그라운드,2019_10_20,13,0
배틀그라운드,2019_10_21,13,1
배틀그라운드,2019_10_22,14,0
배틀그라운드,2019_10_23,14,3
배틀그라운드,2019_10_24,17,4
배틀그라운드,2019_10_25,21,4
배틀그라운드,2019_10_26,25,9
배틀그라운드,2019_10_27,34,9
배틀그라운드,2019_10_28,25,3
배틀그라운드,2019_10_29,28,2
배틀그라운드,2019_10_30,26,11
배틀그라운드,2019_10_31,37,5
배틀그라운드,2019_11_01,42,0
배틀그라운드,2019_11_02,42,14
배틀그라운드,2019_11_03,56,12
배틀그라운드,2019_11_04,44,19
배틀그라운드,2019_11_05,25,3
배틀그라운드,2019_11_06,22,6
배틀그라운드,2019_11_07,28,4
배틀그라운드,2019_11_08,32,8
배틀그라운드,2019_11_09,24,6
배틀그라운드,2019_11_10,18,13
배틀그라운드,2019_11_11,31,2
배틀그라운드,2019_11_12,29,0
배틀그라운드,2019_11_13,29,1
배틀그라운드,2019_11_14,28,0
배틀그라운드,2019_11_15,28,1
배틀그라운드,2019_11_16,27,1
배틀그라운드,2019_11_17,28,1
배틀그라운드,2019_11_18,27,2
배틀그라운드,2019_11_19,29,0
배틀그라운드,2019_11_20,29,5
배틀그라운드,2019_11_21,34,11
배틀그라운드,2019_11_22,45,5
배틀그라운드,2019_11_23,40,2
배틀그라운드,2019_11_24,38,2
배틀그라운드,2019_11_25,40,4
배틀그라운드,2019_11_26,36,3
배틀그라운드,2019_11_27,39,8
배틀그라운드,2019_11_28,31,4
배틀그라운드,2019_11_29,35,0
펭귄의 섬,2019_09_01,101,0
펭귄의 섬,2019_09_02,101,0
펭귄의 섬,2019_09_03,101,0
펭귄의 섬,2019_09_04,101,0
펭귄의 섬,2019_09_05,101,0
펭귄의 섬,2019_09_06,101,0
펭귄의 섬,2019_09_07,101,0
펭귄의 섬,2019_09_08,101,0
펭귄의 섬,2019_09_09,101,0
펭귄의 섬,2019_09_10,101,0
펭귄의 섬,2019_09_11,101,0
펭귄의 섬,2019_09_12,101,0
펭귄의 섬,2019_09_13,101,0
펭귄의 섬,2019_09_14,101,0
펭귄의 섬,2019_09_15,101,0
펭귄의 섬,2019_09_16,101,0
펭귄의 섬,2019_09_17,101,0
펭귄의 섬,2019_09_18,101,0
펭귄의 섬,2019_09_19,101,0
펭귄의 섬,2019_09_20,101,0
펭귄의 섬,2019_09_21,101,0
펭귄의 섬,2019_09_22,101,0
펭귄의 섬,2019_09_23,101,0
펭귄의 섬,2019_09_24,101,0
펭귄의 섬,2019_09_25,101,0
펭귄의 섬,2019_09_26,101,0
펭귄의 섬,2019_09_27,101,0
펭귄의 섬,2019_09_28,101,0
펭귄의 섬,2019_09_29,101,0
펭귄의 섬,2019_09_30,101,0
펭귄의 섬,2019_10_01,101,0
펭귄의 섬,2019_10_02,101,9
펭귄의 섬,2019_10_03,92,3
펭귄의 섬,2019_10_04,95,1
펭귄의 섬,2019_10_05,96,2
펭귄의 섬,2019_10_06,94,0
펭귄의 섬,2019_10_07,94,2
펭귄의 섬,2019_10_08,96,51
펭귄의 섬,2019_10_09,45,7
펭귄의 섬,2019_10_10,38,3
펭귄의 섬,2019_10_11,35,8
펭귄의 섬,2019_10_12,27,6
펭귄의 섬,2019_10_13,21,1
펭귄의 섬,2019_10_14,20,0
펭귄의 섬,2019_10_15,20,1
펭귄의 섬,2019_10_16,21,2
펭귄의 섬,2019_10_17,19,5
펭귄의 섬,2019_10_18,14,1
펭귄의 섬,2019_10_19,15,4
펭귄의 섬,2019_10_20,19,7
펭귄의 섬,2019_10_21,26,7
펭귄의 섬,2019_10_22,33,0
펭귄의 섬,2019_10_23,33,12
펭귄의 섬,2019_10_24,45,5
펭귄의 섬,2019_10_25,50,11
펭귄의 섬,2019_10_26,39,9
펭귄의 섬,2019_10_27,30,28
펭귄의 섬,2019_10_28,58,4
펭귄의 섬,2019_10_29,62,8
펭귄의 섬,2019_10_30,70,17
펭귄의 섬,2019_10_31,53,1
펭귄의 섬,2019_11_01,54,7
펭귄의 섬,2019_11_02,61,26
펭귄의 섬,2019_11_03,87,25
펭귄의 섬,2019_11_04,62,3
펭귄의 섬,2019_11_05,65,13
펭귄의 섬,2019_11_06,52,5
펭귄의 섬,2019_11_07,47,12
펭귄의 섬,2019_11_08,35,7
펭귄의 섬,2019_11_09,42,21
펭귄의 섬,2019_11_10,21,21
펭귄의 섬,2019_11_11,42,7
펭귄의 섬,2019_11_12,35,7
펭귄의 섬,2019_11_13,28,5
펭귄의 섬,2019_11_14,23,0
펭귄의 섬,2019_11_15,23,1
펭귄의 섬,2019_11_16,22,2
펭귄의 섬,2019_11_17,24,1
펭귄의 섬,2019_11_18,25,2
펭귄의 섬,2019_11_19,27,5
펭귄의 섬,2019_11_20,22,3
펭귄의 섬,2019_11_21,25,5
펭귄의 섬,2019_11_22,20,5
펭귄의 섬,2019_11_23,25,8
펭귄의 섬,2019_11_24,33,12
펭귄의 섬,2019_11_25,45,6
펭귄의 섬,2019_11_26,51,4
펭귄의 섬,2019_11_27,47,6
펭귄의 섬,2019_11_28,41,4
펭귄의 섬,2019_11_29,37,0
라이즈 오브 킹덤즈,2019_09_02,101,0
라이즈 오브 킹덤즈,2019_09_03,101,0
라이즈 오브 킹덤즈,2019_09_04,101,0
라이즈 오브 킹덤즈,2019_09_05,101,97
라이즈 오브 킹덤즈,2019_09_06,4,1
라이즈 오브 킹덤즈,2019_09_07,3,0
라이즈 오브 킹덤즈,2019_09_08,3,1
라이즈 오브 킹덤즈,2019_09_09,2,1
라이즈 오브 킹덤즈,2019_09_10,1,0
라이즈 오브 킹덤즈,2019_09_11,1,0
라이즈 오브 킹덤즈,2019_09_12,1,1
라이즈 오브 킹덤즈,2019_09_13,2,0
라이즈 오브 킹덤즈,2019_09_14,2,0
라이즈 오브 킹덤즈,2019_09_15,2,0
라이즈 오브 킹덤즈,2019_09_16,2,1
라이즈 오브 킹덤즈,2019_09_17,1,0
라이즈 오브 킹덤즈,2019_09_18,1,0
라이즈 오브 킹덤즈,2019_09_19,1,0
라이즈 오브 킹덤즈,2019_09_20,1,0
라이즈 오브 킹덤즈,2019_09_21,1,1
라이즈 오브 킹덤즈,2019_09_22,2,1
라이즈 오브 킹덤즈,2019_09_23,1,0
라이즈 오브 킹덤즈,2019_09_24,1,0
라이즈 오브 킹덤즈,2019_09_25,1,0
라이즈 오브 킹덤즈,2019_09_26,1,0
라이즈 오브 킹덤즈,2019_09_27,1,1
라이즈 오브 킹덤즈,2019_09_28,2,2
라이즈 오브 킹덤즈,2019_09_29,4,0
라이즈 오브 킹덤즈,2019_09_30,4,1
라이즈 오브 킹덤즈,2019_10_01,3,0
라이즈 오브 킹덤즈,2019_10_02,3,1
라이즈 오브 킹덤즈,2019_10_03,4,0
라이즈 오브 킹덤즈,2019_10_04,4,0
라이즈 오브 킹덤즈,2019_10_05,4,0
라이즈 오브 킹덤즈,2019_10_06,4,1
라이즈 오브 킹덤즈,2019_10_07,5,0
라이즈 오브 킹덤즈,2019_10_08,5,1
라이즈 오브 킹덤즈,2019_10_09,4,0
라이즈 오브 킹덤즈,2019_10_10,4,1
라이즈 오브 킹덤즈,2019_10_11,5,0
라이즈 오브 킹덤즈,2019_10_12,5,0
라이즈 오브 킹덤즈,2019_10_13,5,0
라이즈 오브 킹덤즈,2019_10_14,5,0
라이즈 오브 킹덤즈,2019_10_15,5,0
라이즈 오브 킹덤즈,2019_10_16,5,0
라이즈 오브 킹덤즈,2019_10_17,5,0
라이즈 오브 킹덤즈,2019_10_18,5,0
라이즈 오브 킹덤즈,2019_10_19,5,3
라이즈 오브 킹덤즈,2019_10_20,8,1
라이즈 오브 킹덤즈,2019_10_21,9,1
라이즈 오브 킹덤즈,2019_10_22,8,1
라이즈 오브 킹덤즈,2019_10_23,7,0
라이즈 오브 킹덤즈,2019_10_24,7,2
라이즈 오브 킹덤즈,2019_10_25,9,4
라이즈 오브 킹덤즈,2019_10_26,13,4
라이즈 오브 킹덤즈,2019_10_27,17,1
라이즈 오브 킹덤즈,2019_10_28,16,2
라이즈 오브 킹덤즈,2019_10_29,14,1
라이즈 오브 킹덤즈,2019_10_30,13,2
라이즈 오브 킹덤즈,2019_10_31,11,1
라이즈 오브 킹덤즈,2019_11_01,10,3
라이즈 오브 킹덤즈,2019_11_02,13,2
라이즈 오브 킹덤즈,2019_11_03,15,0
라이즈 오브 킹덤즈,2019_11_04,15,4
라이즈 오브 킹덤즈,2019_11_05,11,2
라이즈 오브 킹덤즈,2019_11_06,13,2
라이즈 오브 킹덤즈,2019_11_07,11,2
라이즈 오브 킹덤즈,2019_11_08,9,3
라이즈 오브 킹덤즈,2019_11_09,12,1
라이즈 오브 킹덤즈,2019_11_10,11,1
라이즈 오브 킹덤즈,2019_11_11,12,1
라이즈 오브 킹덤즈,2019_11_12,13,2
라이즈 오브 킹덤즈,2019_11_13,11,0
라이즈 오브 킹덤즈,2019_11_14,11,0
라이즈 오브 킹덤즈,2019_11_15,11,1
라이즈 오브 킹덤즈,2019_11_16,12,1
라이즈 오브 킹덤즈,2019_11_17,13,6
라이즈 오브 킹덤즈,2019_11_18,19,5
라이즈 오브 킹덤즈,2019_11_19,24,3
라이즈 오브 킹덤즈,2019_11_20,27,8
라이즈 오브 킹덤즈,2019_11_21,35,19
라이즈 오브 킹덤즈,2019_11_22,54,18
라이즈 오브 킹덤즈,2019_11_23,36,7
라이즈 오브 킹덤즈,2019_11_24,43,7
라이즈 오브 킹덤즈,2019_11_25,50,4
라이즈 오브 킹덤즈,2019_11_26,46,1
라이즈 오브 킹덤즈,2019_11_27,45,5
라이즈 오브 킹덤즈,2019_11_28,40,1
라이즈 오브 킹덤즈,2019_11_29,41,0
Puzzrama (퍼즈라마),2019_10_13,101,0
Puzzrama (퍼즈라마),2019_10_14,101,0
Puzzrama (퍼즈라마),2019_10_15,101,0
Puzzrama (퍼즈라마),2019_10_16,101,0
Puzzrama (퍼즈라마),2019_10_17,101,0
Puzzrama (퍼즈라마),2019_10_18,101,0
Puzzrama (퍼즈라마),2019_10_19,101,0
Puzzrama (퍼즈라마),2019_10_20,101,0
Puzzrama (퍼즈라마),2019_10_21,101,0
Puzzrama (퍼즈라마),2019_10_22,101,0
Puzzrama (퍼즈라마),2019_10_23,101,0
Puzzrama (퍼즈라마),2019_10_24,101,0
Puzzrama (퍼즈라마),2019_10_25,101,0
Puzzrama (퍼즈라마),2019_10_26,101,0
Puzzrama (퍼즈라마),2019_10_27,101,0
Puzzrama (퍼즈라마),2019_10_28,101,0
Puzzrama (퍼즈라마),2019_10_29,101,0
Puzzrama (퍼즈라마),2019_10_30,101,0
Puzzrama (퍼즈라마),2019_10_31,101,0
Puzzrama (퍼즈라마),2019_11_01,101,0
Puzzrama (퍼즈라마),2019_11_02,101,0
Puzzrama (퍼즈라마),2019_11_03,101,0
Puzzrama (퍼즈라마),2019_11_04,101,0
Puzzrama (퍼즈라마),2019_11_05,101,0
Puzzrama (퍼즈라마),2019_11_06,101,0
Puzzrama (퍼즈라마),2019_11_07,101,0
Puzzrama (퍼즈라마),2019_11_08,101,0
Puzzrama (퍼즈라마),2019_11_09,101,0
Puzzrama (퍼즈라마),2019_11_10,101,0
Puzzrama (퍼즈라마),2019_11_11,101,0
Puzzrama (퍼즈라마),2019_11_12,101,0
Puzzrama (퍼즈라마),2019_11_13,101,0
Puzzrama (퍼즈라마),2019_11_14,101,0
Puzzrama (퍼즈라마),2019_11_15,101,0
Puzzrama (퍼즈라마),2019_11_16,101,0
Puzzrama (퍼즈라마),2019_11_17,101,0
Puzzrama (퍼즈라마),2019_11_18,101,0
Puzzrama (퍼즈라마),2019_11_19,101,0
Puzzrama (퍼즈라마),2019_11_20,101,0
Puzzrama (퍼즈라마),2019_11_21,101,0
Puzzrama (퍼즈라마),2019_11_22,101,67
Puzzrama (퍼즈라마),2019_11_23,34,24
Puzzrama (퍼즈라마),2019_11_24,10,2
Puzzrama (퍼즈라마),2019_11_25,8,0
Puzzrama (퍼즈라마),2019_11_26,8,1
Puzzrama (퍼즈라마),2019_11_27,9,6
Puzzrama (퍼즈라마),2019_11_28,15,3
Puzzrama (퍼즈라마),2019_11_29,18,0
Rummikub,2019_09_01,28,6
Rummikub,2019_09_02,34,5
Rummikub,2019_09_03,39,13
Rummikub,2019_09_04,52,12
Rummikub,2019_09_05,64,12
Rummikub,2019_09_06,76,13
Rummikub,2019_09_07,89,5
Rummikub,2019_09_08,94,5
Rummikub,2019_09_09,89,2
Rummikub,2019_09_10,87,60
Rummikub,2019_09_11,27,5
Rummikub,2019_09_12,22,1
Rummikub,2019_09_13,23,5
Rummikub,2019_09_14,18,2
Rummikub,2019_09_15,16,0
Rummikub,2019_09_16,16,2
Rummikub,2019_09_17,18,4
Rummikub,2019_09_18,22,2
Rummikub,2019_09_19,24,1
Rummikub,2019_09_20,25,4
Rummikub,2019_09_21,29,5
Rummikub,2019_09_22,34,6
Rummikub,2019_09_23,40,2
Rummikub,2019_09_24,38,0
Rummikub,2019_09_25,38,0
Rummikub,2019_09_26,38,8
Rummikub,2019_09_27,46,0
Rummikub,2019_09_28,46,2
Rummikub,2019_09_29,48,14
Rummikub,2019_09_30,62,5
Rummikub,2019_10_01,57,1
Rummikub,2019_10_02,58,2
Rummikub,2019_10_03,56,2
Rummikub,2019_10_04,58,0
Rummikub,2019_10_05,58,1
Rummikub,2019_10_06,57,2
Rummikub,2019_10_07,59,1
Rummikub,2019_10_08,60,19
Rummikub,2019_10_09,79,14
Rummikub,2019_10_10,65,16
Rummikub,2019_10_11,81,14
Rummikub,2019_10_12,67,3
Rummikub,2019_10_13,64,9
Rummikub,2019_10_14,73,5
Rummikub,2019_10_15,68,1
Rummikub,2019_10_16,69,5
Rummikub,2019_10_17,64,1
Rummikub,2019_10_18,63,1
Rummikub,2019_10_19,62,7
Rummikub,2019_10_20,69,13
Rummikub,2019_10_21,82,0
Rummikub,2019_10_22,82,1
Rummikub,2019_10_23,81,7
Rummikub,2019_10_24,74,2
Rummikub,2019_10_25,76,4
Rummikub,2019_10_26,80,21
Rummikub,2019_10_27,101,7
Rummikub,2019_10_28,94,4
Rummikub,2019_10_29,90,3
Rummikub,2019_10_30,87,5
Rummikub,2019_10_31,82,8
Rummikub,2019_11_01,90,1
Rummikub,2019_11_02,89,28
Rummikub,2019_11_03,61,40
Rummikub,2019_11_04,101,0
Rummikub,2019_11_05,101,4
Rummikub,2019_11_06,97,0
Rummikub,2019_11_07,97,0
Rummikub,2019_11_08,97,4
Rummikub,2019_11_09,101,0
Rummikub,2019_11_10,101,0
Rummikub,2019_11_11,101,0
Rummikub,2019_11_12,101,0
Rummikub,2019_11_13,101,11
Rummikub,2019_11_14,90,0
Rummikub,2019_11_15,90,10
Rummikub,2019_11_16,80,5
Rummikub,2019_11_17,85,0
Rummikub,2019_11_18,85,6
Rummikub,2019_11_19,79,12
Rummikub,2019_11_20,67,6
Rummikub,2019_11_21,73,17
Rummikub,2019_11_22,56,15
Rummikub,2019_11_23,71,7
Rummikub,2019_11_24,78,9
Rummikub,2019_11_25,87,12
Rummikub,2019_11_26,75,5
Rummikub,2019_11_27,70,13
Rummikub,2019_11_28,57,13
Rummikub,2019_11_29,44,0
꿈의 마을 (Township),2019_09_01,20,0
꿈의 마을 (Township),2019_09_02,20,0
꿈의 마을 (Township),2019_09_03,20,1
꿈의 마을 (Township),2019_09_04,19,2
꿈의 마을 (Township),2019_09_05,17,1
꿈의 마을 (Township),2019_09_06,18,4
꿈의 마을 (Township),2019_09_07,22,0
꿈의 마을 (Township),2019_09_08,22,1
꿈의 마을 (Township),2019_09_09,23,1
꿈의 마을 (Township),2019_09_10,22,4
꿈의 마을 (Township),2019_09_11,26,1
꿈의 마을 (Township),2019_09_12,27,2
꿈의 마을 (Township),2019_09_13,29,8
꿈의 마을 (Township),2019_09_14,37,7
꿈의 마을 (Township),2019_09_15,44,3
꿈의 마을 (Township),2019_09_16,41,11
꿈의 마을 (Township),2019_09_17,30,0
꿈의 마을 (Township),2019_09_18,30,5
꿈의 마을 (Township),2019_09_19,35,1
꿈의 마을 (Township),2019_09_20,36,9
꿈의 마을 (Township),2019_09_21,45,6
꿈의 마을 (Township),2019_09_22,51,3
꿈의 마을 (Township),2019_09_23,48,6
꿈의 마을 (Township),2019_09_24,42,1
꿈의 마을 (Township),2019_09_25,43,0
꿈의 마을 (Township),2019_09_26,43,2
꿈의 마을 (Township),2019_09_27,45,0
꿈의 마을 (Township),2019_09_28,45,0
꿈의 마을 (Township),2019_09_29,45,5
꿈의 마을 (Township),2019_09_30,50,10
꿈의 마을 (Township),2019_10_01,40,0
꿈의 마을 (Township),2019_10_02,40,4
꿈의 마을 (Township),2019_10_03,36,1
꿈의 마을 (Township),2019_10_04,37,2
꿈의 마을 (Township),2019_10_05,39,3
꿈의 마을 (Township),2019_10_06,36,1
꿈의 마을 (Township),2019_10_07,37,6
꿈의 마을 (Township),2019_10_08,43,16
꿈의 마을 (Township),2019_10_09,59,7
꿈의 마을 (Township),2019_10_10,52,5
꿈의 마을 (Township),2019_10_11,47,1
꿈의 마을 (Township),2019_10_12,48,7
꿈의 마을 (Township),2019_10_13,55,4
꿈의 마을 (Township),2019_10_14,59,2
꿈의 마을 (Township),2019_10_15,57,1
꿈의 마을 (Township),2019_10_16,56,6
꿈의 마을 (Township),2019_10_17,50,1
꿈의 마을 (Township),2019_10_18,51,4
꿈의 마을 (Township),2019_10_19,47,6
꿈의 마을 (Township),2019_10_20,53,2
꿈의 마을 (Township),2019_10_21,55,1
꿈의 마을 (Township),2019_10_22,54,1
꿈의 마을 (Township),2019_10_23,53,11
꿈의 마을 (Township),2019_10_24,42,4
꿈의 마을 (Township),2019_10_25,38,1
꿈의 마을 (Township),2019_10_26,37,15
꿈의 마을 (Township),2019_10_27,52,17
꿈의 마을 (Township),2019_10_28,35,1
꿈의 마을 (Township),2019_10_29,36,4
꿈의 마을 (Township),2019_10_30,32,9
꿈의 마을 (Township),2019_10_31,41,4
꿈의 마을 (Township),2019_11_01,37,4
꿈의 마을 (Township),2019_11_02,41,16
꿈의 마을 (Township),2019_11_03,57,11
꿈의 마을 (Township),2019_11_04,46,10
꿈의 마을 (Township),2019_11_05,36,2
꿈의 마을 (Township),2019_11_06,34,9
꿈의 마을 (Township),2019_11_07,25,3
꿈의 마을 (Township),2019_11_08,28,6
꿈의 마을 (Township),2019_11_09,22,12
꿈의 마을 (Township),2019_11_10,34,9
꿈의 마을 (Township),2019_11_11,25,1
꿈의 마을 (Township),2019_11_12,24,0
꿈의 마을 (Township),2019_11_13,24,0
꿈의 마을 (Township),2019_11_14,24,0
꿈의 마을 (Township),2019_11_15,24,5
꿈의 마을 (Township),2019_11_16,29,4
꿈의 마을 (Township),2019_11_17,33,11
꿈의 마을 (Township),2019_11_18,44,2
꿈의 마을 (Township),2019_11_19,42,17
꿈의 마을 (Township),2019_11_20,59,20
꿈의 마을 (Township),2019_11_21,39,3
꿈의 마을 (Township),2019_11_22,36,7
꿈의 마을 (Township),2019_11_23,43,3
꿈의 마을 (Township),2019_11_24,46,7
꿈의 마을 (Township),2019_11_25,39,0
꿈의 마을 (Township),2019_11_26,39,7
꿈의 마을 (Township),2019_11_27,46,1
꿈의 마을 (Township),2019_11_28,47,3
꿈의 마을 (Township),2019_11_29,50,0
Park of Monster,2019_09_01,101,0
Park of Monster,2019_09_02,101,0
Park of Monster,2019_09_03,101,0
Park of Monster,2019_09_04,101,0
Park of Monster,2019_09_05,101,0
Park of Monster,2019_09_06,101,0
Park of Monster,2019_09_07,101,0
Park of Monster,2019_09_08,101,0
Park of Monster,2019_09_09,101,0
Park of Monster,2019_09_10,101,0
Park of Monster,2019_09_11,101,0
Park of Monster,2019_09_12,101,0
Park of Monster,2019_09_13,101,0
Park of Monster,2019_09_14,101,0
Park of Monster,2019_09_15,101,0
Park of Monster,2019_09_16,101,0
Park of Monster,2019_09_17,101,0
Park of Monster,2019_09_18,101,0
Park of Monster,2019_09_19,101,0
Park of Monster,2019_09_20,101,0
Park of Monster,2019_09_21,101,0
Park of Monster,2019_09_22,101,0
Park of Monster,2019_09_23,101,0
Park of Monster,2019_09_24,101,0
Park of Monster,2019_09_25,101,0
Park of Monster,2019_09_26,101,0
Park of Monster,2019_09_27,101,0
Park of Monster,2019_09_28,101,0
Park of Monster,2019_09_29,101,0
Park of Monster,2019_09_30,101,0
Park of Monster,2019_10_01,101,0
Park of Monster,2019_10_02,101,0
Park of Monster,2019_10_03,101,0
Park of Monster,2019_10_04,101,0
Park of Monster,2019_10_05,101,0
Park of Monster,2019_10_06,101,0
Park of Monster,2019_10_07,101,0
Park of Monster,2019_10_08,101,0
Park of Monster,2019_10_09,101,0
Park of Monster,2019_10_10,101,0
Park of Monster,2019_10_11,101,0
Park of Monster,2019_10_12,101,0
Park of Monster,2019_10_13,101,0
Park of Monster,2019_10_14,101,0
Park of Monster,2019_10_15,101,0
Park of Monster,2019_10_16,101,0
Park of Monster,2019_10_17,101,0
Park of Monster,2019_10_18,101,0
Park of Monster,2019_10_19,101,0
Park of Monster,2019_10_20,101,0
Park of Monster,2019_10_21,101,0
Park of Monster,2019_10_22,101,0
Park of Monster,2019_10_23,101,0
Park of Monster,2019_10_24,101,0
Park of Monster,2019_10_25,101,0
Park of Monster,2019_10_26,101,0
Park of Monster,2019_10_27,101,0
Park of Monster,2019_10_28,101,0
Park of Monster,2019_10_29,101,0
Park of Monster,2019_10_30,101,0
Park of Monster,2019_10_31,101,0
Park of Monster,2019_11_01,101,0
Park of Monster,2019_11_02,101,0
Park of Monster,2019_11_03,101,0
Park of Monster,2019_11_04,101,0
Park of Monster,2019_11_05,101,0
Park of Monster,2019_11_06,101,0
Park of Monster,2019_11_07,101,0
Park of Monster,2019_11_08,101,0
Park of Monster,2019_11_09,101,0
Park of Monster,2019_11_10,101,0
Park of Monster,2019_11_11,101,0
Park of Monster,2019_11_12,101,0
Park of Monster,2019_11_13,101,0
Park of Monster,2019_11_14,101,0
Park of Monster,2019_11_15,101,0
Park of Monster,2019_11_16,101,0
Park of Monster,2019_11_17,101,0
Park of Monster,2019_11_18,101,0
Park of Monster,2019_11_19,101,0
Park of Monster,2019_11_20,101,0
Park of Monster,2019_11_21,101,0
Park of Monster,2019_11_22,101,99
Park of Monster,2019_11_23,2,1
Park of Monster,2019_11_24,3,0
Park of Monster,2019_11_25,3,2
Park of Monster,2019_11_26,5,1
Park of Monster,2019_11_27,6,1
Park of Monster,2019_11_28,7,2
Park of Monster,2019_11_29,9,0
Mr Bullet - 스파이 퍼즐,2019_09_01,10,0
Mr Bullet - 스파이 퍼즐,2019_09_02,10,1
Mr Bullet - 스파이 퍼즐,2019_09_03,11,0
Mr Bullet - 스파이 퍼즐,2019_09_04,11,3
Mr Bullet - 스파이 퍼즐,2019_09_05,8,2
Mr Bullet - 스파이 퍼즐,2019_09_06,10,3
Mr Bullet - 스파이 퍼즐,2019_09_07,7,0
Mr Bullet - 스파이 퍼즐,2019_09_08,7,2
Mr Bullet - 스파이 퍼즐,2019_09_09,9,1
Mr Bullet - 스파이 퍼즐,2019_09_10,8,1
Mr Bullet - 스파이 퍼즐,2019_09_11,9,4
Mr Bullet - 스파이 퍼즐,2019_09_12,13,2
Mr Bullet - 스파이 퍼즐,2019_09_13,15,0
Mr Bullet - 스파이 퍼즐,2019_09_14,15,1
Mr Bullet - 스파이 퍼즐,2019_09_15,14,1
Mr Bullet - 스파이 퍼즐,2019_09_16,13,0
Mr Bullet - 스파이 퍼즐,2019_09_17,13,2
Mr Bullet - 스파이 퍼즐,2019_09_18,15,4
Mr Bullet - 스파이 퍼즐,2019_09_19,19,1
Mr Bullet - 스파이 퍼즐,2019_09_20,20,3
Mr Bullet - 스파이 퍼즐,2019_09_21,23,4
Mr Bullet - 스파이 퍼즐,2019_09_22,27,1
Mr Bullet - 스파이 퍼즐,2019_09_23,26,2
Mr Bullet - 스파이 퍼즐,2019_09_24,24,3
Mr Bullet - 스파이 퍼즐,2019_09_25,27,0
Mr Bullet - 스파이 퍼즐,2019_09_26,27,6
Mr Bullet - 스파이 퍼즐,2019_09_27,33,5
Mr Bullet - 스파이 퍼즐,2019_09_28,38,2
Mr Bullet - 스파이 퍼즐,2019_09_29,36,5
Mr Bullet - 스파이 퍼즐,2019_09_30,31,1
Mr Bullet - 스파이 퍼즐,2019_10_01,32,0
Mr Bullet - 스파이 퍼즐,2019_10_02,32,2
Mr Bullet - 스파이 퍼즐,2019_10_03,34,1
Mr Bullet - 스파이 퍼즐,2019_10_04,35,1
Mr Bullet - 스파이 퍼즐,2019_10_05,34,0
Mr Bullet - 스파이 퍼즐,2019_10_06,34,1
Mr Bullet - 스파이 퍼즐,2019_10_07,35,1
Mr Bullet - 스파이 퍼즐,2019_10_08,34,2
Mr Bullet - 스파이 퍼즐,2019_10_09,36,3
Mr Bullet - 스파이 퍼즐,2019_10_10,39,2
Mr Bullet - 스파이 퍼즐,2019_10_11,37,6
Mr Bullet - 스파이 퍼즐,2019_10_12,43,2
Mr Bullet - 스파이 퍼즐,2019_10_13,45,4
Mr Bullet - 스파이 퍼즐,2019_10_14,41,2
Mr Bullet - 스파이 퍼즐,2019_10_15,39,0
Mr Bullet - 스파이 퍼즐,2019_10_16,39,8
Mr Bullet - 스파이 퍼즐,2019_10_17,47,7
Mr Bullet - 스파이 퍼즐,2019_10_18,54,1
Mr Bullet - 스파이 퍼즐,2019_10_19,53,14
Mr Bullet - 스파이 퍼즐,2019_10_20,67,7
Mr Bullet - 스파이 퍼즐,2019_10_21,60,2
Mr Bullet - 스파이 퍼즐,2019_10_22,58,0
Mr Bullet - 스파이 퍼즐,2019_10_23,58,28
Mr Bullet - 스파이 퍼즐,2019_10_24,30,22
Mr Bullet - 스파이 퍼즐,2019_10_25,52,8
Mr Bullet - 스파이 퍼즐,2019_10_26,60,22
Mr Bullet - 스파이 퍼즐,2019_10_27,82,13
Mr Bullet - 스파이 퍼즐,2019_10_28,69,1
Mr Bullet - 스파이 퍼즐,2019_10_29,68,12
Mr Bullet - 스파이 퍼즐,2019_10_30,56,5
Mr Bullet - 스파이 퍼즐,2019_10_31,61,0
Mr Bullet - 스파이 퍼즐,2019_11_01,61,1
Mr Bullet - 스파이 퍼즐,2019_11_02,60,17
Mr Bullet - 스파이 퍼즐,2019_11_03,77,12
Mr Bullet - 스파이 퍼즐,2019_11_04,65,4
Mr Bullet - 스파이 퍼즐,2019_11_05,69,1
Mr Bullet - 스파이 퍼즐,2019_11_06,70,9
Mr Bullet - 스파이 퍼즐,2019_11_07,61,1
Mr Bullet - 스파이 퍼즐,2019_11_08,60,12
Mr Bullet - 스파이 퍼즐,2019_11_09,72,1
Mr Bullet - 스파이 퍼즐,2019_11_10,73,14
Mr Bullet - 스파이 퍼즐,2019_11_11,59,7
Mr Bullet - 스파이 퍼즐,2019_11_12,52,5
Mr Bullet - 스파이 퍼즐,2019_11_13,47,4
Mr Bullet - 스파이 퍼즐,2019_11_14,51,0
Mr Bullet - 스파이 퍼즐,2019_11_15,51,4
Mr Bullet - 스파이 퍼즐,2019_11_16,47,2
Mr Bullet - 스파이 퍼즐,2019_11_17,45,4
Mr Bullet - 스파이 퍼즐,2019_11_18,41,11
Mr Bullet - 스파이 퍼즐,2019_11_19,30,2
Mr Bullet - 스파이 퍼즐,2019_11_20,28,4
Mr Bullet - 스파이 퍼즐,2019_11_21,32,2
Mr Bullet - 스파이 퍼즐,2019_11_22,34,15
Mr Bullet - 스파이 퍼즐,2019_11_23,49,5
Mr Bullet - 스파이 퍼즐,2019_11_24,54,16
Mr Bullet - 스파이 퍼즐,2019_11_25,38,8
Mr Bullet - 스파이 퍼즐,2019_11_26,30,1
Mr Bullet - 스파이 퍼즐,2019_11_27,29,6
Mr Bullet - 스파이 퍼즐,2019_11_28,35,10
Mr Bullet - 스파이 퍼즐,2019_11_29,45,0
킹 오브 파이터 올스타,2019_09_01,101,0
킹 오브 파이터 올스타,2019_09_02,101,0
킹 오브 파이터 올스타,2019_09_03,101,0
킹 오브 파이터 올스타,2019_09_04,101,0
킹 오브 파이터 올스타,2019_09_05,101,0
킹 오브 파이터 올스타,2019_09_06,101,0
킹 오브 파이터 올스타,2019_09_07,101,0
킹 오브 파이터 올스타,2019_09_08,101,0
킹 오브 파이터 올스타,2019_09_09,101,0
킹 오브 파이터 올스타,2019_09_10,101,0
킹 오브 파이터 올스타,2019_09_11,101,0
킹 오브 파이터 올스타,2019_09_12,101,0
킹 오브 파이터 올스타,2019_09_13,101,0
킹 오브 파이터 올스타,2019_09_14,101,0
킹 오브 파이터 올스타,2019_09_15,101,0
킹 오브 파이터 올스타,2019_09_16,101,0
킹 오브 파이터 올스타,2019_09_17,101,0
킹 오브 파이터 올스타,2019_09_18,101,0
킹 오브 파이터 올스타,2019_09_19,101,0
킹 오브 파이터 올스타,2019_09_20,101,0
킹 오브 파이터 올스타,2019_09_21,101,0
킹 오브 파이터 올스타,2019_09_22,101,0
킹 오브 파이터 올스타,2019_09_23,101,0
킹 오브 파이터 올스타,2019_09_24,101,0
킹 오브 파이터 올스타,2019_09_25,101,0
킹 오브 파이터 올스타,2019_09_26,101,0
킹 오브 파이터 올스타,2019_09_27,101,0
킹 오브 파이터 올스타,2019_09_28,101,0
킹 오브 파이터 올스타,2019_09_29,101,0
킹 오브 파이터 올스타,2019_09_30,101,0
킹 오브 파이터 올스타,2019_10_01,101,0
킹 오브 파이터 올스타,2019_10_02,101,0
킹 오브 파이터 올스타,2019_10_03,101,0
킹 오브 파이터 올스타,2019_10_04,101,0
킹 오브 파이터 올스타,2019_10_05,101,0
킹 오브 파이터 올스타,2019_10_06,101,0
킹 오브 파이터 올스타,2019_10_07,101,0
킹 오브 파이터 올스타,2019_10_08,101,0
킹 오브 파이터 올스타,2019_10_09,101,0
킹 오브 파이터 올스타,2019_10_10,101,0
킹 오브 파이터 올스타,2019_10_11,101,0
킹 오브 파이터 올스타,2019_10_12,101,0
킹 오브 파이터 올스타,2019_10_13,101,0
킹 오브 파이터 올스타,2019_10_14,101,0
킹 오브 파이터 올스타,2019_10_15,101,0
킹 오브 파이터 올스타,2019_10_16,101,0
킹 오브 파이터 올스타,2019_10_17,101,0
킹 오브 파이터 올스타,2019_10_18,101,0
킹 오브 파이터 올스타,2019_10_19,101,0
킹 오브 파이터 올스타,2019_10_20,101,0
킹 오브 파이터 올스타,2019_10_21,101,0
킹 오브 파이터 올스타,2019_10_22,101,0
킹 오브 파이터 올스타,2019_10_23,101,0
킹 오브 파이터 올스타,2019_10_24,101,0
킹 오브 파이터 올스타,2019_10_25,101,0
킹 오브 파이터 올스타,2019_10_26,101,0
킹 오브 파이터 올스타,2019_10_27,101,0
킹 오브 파이터 올스타,2019_10_28,101,0
킹 오브 파이터 올스타,2019_10_29,101,0
킹 오브 파이터 올스타,2019_10_30,101,0
킹 오브 파이터 올스타,2019_10_31,101,0
킹 오브 파이터 올스타,2019_11_01,101,0
킹 오브 파이터 올스타,2019_11_02,101,0
킹 오브 파이터 올스타,2019_11_03,101,0
킹 오브 파이터 올스타,2019_11_04,101,0
킹 오브 파이터 올스타,2019_11_05,101,0
킹 오브 파이터 올스타,2019_11_06,101,0
킹 오브 파이터 올스타,2019_11_07,101,0
킹 오브 파이터 올스타,2019_11_08,101,0
킹 오브 파이터 올스타,2019_11_09,101,0
킹 오브 파이터 올스타,2019_11_10,101,0
킹 오브 파이터 올스타,2019_11_11,101,0
킹 오브 파이터 올스타,2019_11_12,101,0
킹 오브 파이터 올스타,2019_11_13,101,0
킹 오브 파이터 올스타,2019_11_14,101,0
킹 오브 파이터 올스타,2019_11_15,101,0
킹 오브 파이터 올스타,2019_11_16,101,0
킹 오브 파이터 올스타,2019_11_17,101,0
킹 오브 파이터 올스타,2019_11_18,101,0
킹 오브 파이터 올스타,2019_11_19,101,0
킹 오브 파이터 올스타,2019_11_20,101,0
킹 오브 파이터 올스타,2019_11_21,101,0
킹 오브 파이터 올스타,2019_11_22,101,34
킹 오브 파이터 올스타,2019_11_23,67,19
킹 오브 파이터 올스타,2019_11_24,48,13
킹 오브 파이터 올스타,2019_11_25,35,2
킹 오브 파이터 올스타,2019_11_26,33,1
킹 오브 파이터 올스타,2019_11_27,34,4
킹 오브 파이터 올스타,2019_11_28,38,8
킹 오브 파이터 올스타,2019_11_29,46,0
바이러스 워 - 우주 슈팅 게임,2019_09_01,22,5
바이러스 워 - 우주 슈팅 게임,2019_09_02,27,74
바이러스 워 - 우주 슈팅 게임,2019_09_03,101,72
바이러스 워 - 우주 슈팅 게임,2019_09_04,29,2
바이러스 워 - 우주 슈팅 게임,2019_09_05,31,6
바이러스 워 - 우주 슈팅 게임,2019_09_06,37,1
바이러스 워 - 우주 슈팅 게임,2019_09_07,38,2
바이러스 워 - 우주 슈팅 게임,2019_09_08,40,5
바이러스 워 - 우주 슈팅 게임,2019_09_09,45,2
바이러스 워 - 우주 슈팅 게임,2019_09_10,47,8
바이러스 워 - 우주 슈팅 게임,2019_09_11,39,1
바이러스 워 - 우주 슈팅 게임,2019_09_12,40,13
바이러스 워 - 우주 슈팅 게임,2019_09_13,53,6
바이러스 워 - 우주 슈팅 게임,2019_09_14,59,4
바이러스 워 - 우주 슈팅 게임,2019_09_15,63,4
바이러스 워 - 우주 슈팅 게임,2019_09_16,67,3
바이러스 워 - 우주 슈팅 게임,2019_09_17,70,5
바이러스 워 - 우주 슈팅 게임,2019_09_18,75,3
바이러스 워 - 우주 슈팅 게임,2019_09_19,78,22
바이러스 워 - 우주 슈팅 게임,2019_09_20,56,5
바이러스 워 - 우주 슈팅 게임,2019_09_21,61,31
바이러스 워 - 우주 슈팅 게임,2019_09_22,30,3
바이러스 워 - 우주 슈팅 게임,2019_09_23,27,2
바이러스 워 - 우주 슈팅 게임,2019_09_24,29,5
바이러스 워 - 우주 슈팅 게임,2019_09_25,24,0
바이러스 워 - 우주 슈팅 게임,2019_09_26,24,3
바이러스 워 - 우주 슈팅 게임,2019_09_27,21,2
바이러스 워 - 우주 슈팅 게임,2019_09_28,23,1
바이러스 워 - 우주 슈팅 게임,2019_09_29,24,5
바이러스 워 - 우주 슈팅 게임,2019_09_30,19,1
바이러스 워 - 우주 슈팅 게임,2019_10_01,18,2
바이러스 워 - 우주 슈팅 게임,2019_10_02,20,3
바이러스 워 - 우주 슈팅 게임,2019_10_03,23,0
바이러스 워 - 우주 슈팅 게임,2019_10_04,23,2
바이러스 워 - 우주 슈팅 게임,2019_10_05,25,2
바이러스 워 - 우주 슈팅 게임,2019_10_06,23,1
바이러스 워 - 우주 슈팅 게임,2019_10_07,24,1
바이러스 워 - 우주 슈팅 게임,2019_10_08,25,5
바이러스 워 - 우주 슈팅 게임,2019_10_09,30,1
바이러스 워 - 우주 슈팅 게임,2019_10_10,31,0
바이러스 워 - 우주 슈팅 게임,2019_10_11,31,5
바이러스 워 - 우주 슈팅 게임,2019_10_12,36,6
바이러스 워 - 우주 슈팅 게임,2019_10_13,42,2
바이러스 워 - 우주 슈팅 게임,2019_10_14,44,0
바이러스 워 - 우주 슈팅 게임,2019_10_15,44,1
바이러스 워 - 우주 슈팅 게임,2019_10_16,43,0
바이러스 워 - 우주 슈팅 게임,2019_10_17,43,1
바이러스 워 - 우주 슈팅 게임,2019_10_18,44,1
바이러스 워 - 우주 슈팅 게임,2019_10_19,43,6
바이러스 워 - 우주 슈팅 게임,2019_10_20,37,9
바이러스 워 - 우주 슈팅 게임,2019_10_21,46,1
바이러스 워 - 우주 슈팅 게임,2019_10_22,45,0
바이러스 워 - 우주 슈팅 게임,2019_10_23,45,5
바이러스 워 - 우주 슈팅 게임,2019_10_24,40,1
바이러스 워 - 우주 슈팅 게임,2019_10_25,39,3
바이러스 워 - 우주 슈팅 게임,2019_10_26,42,19
바이러스 워 - 우주 슈팅 게임,2019_10_27,61,18
바이러스 워 - 우주 슈팅 게임,2019_10_28,43,2
바이러스 워 - 우주 슈팅 게임,2019_10_29,41,7
바이러스 워 - 우주 슈팅 게임,2019_10_30,34,1
바이러스 워 - 우주 슈팅 게임,2019_10_31,35,1
바이러스 워 - 우주 슈팅 게임,2019_11_01,34,1
바이러스 워 - 우주 슈팅 게임,2019_11_02,35,13
바이러스 워 - 우주 슈팅 게임,2019_11_03,48,9
바이러스 워 - 우주 슈팅 게임,2019_11_04,39,12
바이러스 워 - 우주 슈팅 게임,2019_11_05,51,4
바이러스 워 - 우주 슈팅 게임,2019_11_06,55,2
바이러스 워 - 우주 슈팅 게임,2019_11_07,53,1
바이러스 워 - 우주 슈팅 게임,2019_11_08,52,7
바이러스 워 - 우주 슈팅 게임,2019_11_09,59,1
바이러스 워 - 우주 슈팅 게임,2019_11_10,60,13
바이러스 워 - 우주 슈팅 게임,2019_11_11,47,4
바이러스 워 - 우주 슈팅 게임,2019_11_12,43,8
바이러스 워 - 우주 슈팅 게임,2019_11_13,35,3
바이러스 워 - 우주 슈팅 게임,2019_11_14,32,0
바이러스 워 - 우주 슈팅 게임,2019_11_15,32,2
바이러스 워 - 우주 슈팅 게임,2019_11_16,34,1
바이러스 워 - 우주 슈팅 게임,2019_11_17,35,15
바이러스 워 - 우주 슈팅 게임,2019_11_18,50,0
바이러스 워 - 우주 슈팅 게임,2019_11_19,50,8
바이러스 워 - 우주 슈팅 게임,2019_11_20,42,3
바이러스 워 - 우주 슈팅 게임,2019_11_21,45,17
바이러스 워 - 우주 슈팅 게임,2019_11_22,62,15
바이러스 워 - 우주 슈팅 게임,2019_11_23,47,8
바이러스 워 - 우주 슈팅 게임,2019_11_24,55,1
바이러스 워 - 우주 슈팅 게임,2019_11_25,54,1
바이러스 워 - 우주 슈팅 게임,2019_11_26,55,4
바이러스 워 - 우주 슈팅 게임,2019_11_27,51,5
바이러스 워 - 우주 슈팅 게임,2019_11_28,46,3
바이러스 워 - 우주 슈팅 게임,2019_11_29,49,0
염왕이 뿔났다,2019_11_19,101,0
염왕이 뿔났다,2019_11_20,101,91
염왕이 뿔났다,2019_11_21,10,2
염왕이 뿔났다,2019_11_22,8,3
염왕이 뿔났다,2019_11_23,5,8
염왕이 뿔났다,2019_11_24,13,4
염왕이 뿔났다,2019_11_25,17,9
염왕이 뿔났다,2019_11_26,26,4
염왕이 뿔났다,2019_11_27,30,2
염왕이 뿔났다,2019_11_28,32,15
염왕이 뿔났다,2019_11_29,47,0
Sandwich!,2019_09_01,11,2
Sandwich!,2019_09_02,13,0
Sandwich!,2019_09_03,13,1
Sandwich!,2019_09_04,14,1
Sandwich!,2019_09_05,13,3
Sandwich!,2019_09_06,16,8
Sandwich!,2019_09_07,24,2
Sandwich!,2019_09_08,26,16
Sandwich!,2019_09_09,42,3
Sandwich!,2019_09_10,45,31
Sandwich!,2019_09_11,76,12
Sandwich!,2019_09_12,88,13
Sandwich!,2019_09_13,101,0
Sandwich!,2019_09_14,101,0
Sandwich!,2019_09_15,101,0
Sandwich!,2019_09_16,101,0
Sandwich!,2019_09_17,101,0
Sandwich!,2019_09_18,101,0
Sandwich!,2019_09_19,101,0
Sandwich!,2019_09_20,101,0
Sandwich!,2019_09_21,101,0
Sandwich!,2019_09_22,101,0
Sandwich!,2019_09_23,101,0
Sandwich!,2019_09_24,101,0
Sandwich!,2019_09_25,101,0
Sandwich!,2019_09_26,101,0
Sandwich!,2019_09_27,101,0
Sandwich!,2019_09_28,101,0
Sandwich!,2019_09_29,101,0
Sandwich!,2019_09_30,101,0
Sandwich!,2019_10_01,101,0
Sandwich!,2019_10_02,101,0
Sandwich!,2019_10_03,101,0
Sandwich!,2019_10_04,101,0
Sandwich!,2019_10_05,101,0
Sandwich!,2019_10_06,101,0
Sandwich!,2019_10_07,101,0
Sandwich!,2019_10_08,101,0
Sandwich!,2019_10_09,101,0
Sandwich!,2019_10_10,101,0
Sandwich!,2019_10_11,101,0
Sandwich!,2019_10_12,101,0
Sandwich!,2019_10_13,101,0
Sandwich!,2019_10_14,101,0
Sandwich!,2019_10_15,101,0
Sandwich!,2019_10_16,101,0
Sandwich!,2019_10_17,101,0
Sandwich!,2019_10_18,101,0
Sandwich!,2019_10_19,101,0
Sandwich!,2019_10_20,101,5
Sandwich!,2019_10_21,96,33
Sandwich!,2019_10_22,63,1
Sandwich!,2019_10_23,64,11
Sandwich!,2019_10_24,75,26
Sandwich!,2019_10_25,101,0
Sandwich!,2019_10_26,101,0
Sandwich!,2019_10_27,101,0
Sandwich!,2019_10_28,101,0
Sandwich!,2019_10_29,101,0
Sandwich!,2019_10_30,101,0
Sandwich!,2019_10_31,101,0
Sandwich!,2019_11_01,101,0
Sandwich!,2019_11_02,101,0
Sandwich!,2019_11_03,101,0
Sandwich!,2019_11_04,101,0
Sandwich!,2019_11_05,101,0
Sandwich!,2019_11_06,101,0
Sandwich!,2019_11_07,101,0
Sandwich!,2019_11_08,101,0
Sandwich!,2019_11_09,101,0
Sandwich!,2019_11_10,101,0
Sandwich!,2019_11_11,101,0
Sandwich!,2019_11_12,101,0
Sandwich!,2019_11_13,101,0
Sandwich!,2019_11_14,101,0
Sandwich!,2019_11_15,101,0
Sandwich!,2019_11_16,101,0
Sandwich!,2019_11_17,101,0
Sandwich!,2019_11_18,101,0
Sandwich!,2019_11_19,101,0
Sandwich!,2019_11_20,101,0
Sandwich!,2019_11_21,101,0
Sandwich!,2019_11_22,101,17
Sandwich!,2019_11_23,84,26
Sandwich!,2019_11_24,58,21
Sandwich!,2019_11_25,37,6
Sandwich!,2019_11_26,31,2
Sandwich!,2019_11_27,33,1
Sandwich!,2019_11_28,34,0
Sandwich!,2019_11_29,34,0
계급장 키우기,2019_09_01,101,0
계급장 키우기,2019_09_02,101,0
계급장 키우기,2019_09_03,101,0
계급장 키우기,2019_09_04,101,0
계급장 키우기,2019_09_05,101,0
계급장 키우기,2019_09_06,101,0
계급장 키우기,2019_09_07,101,0
계급장 키우기,2019_09_08,101,0
계급장 키우기,2019_09_09,101,0
계급장 키우기,2019_09_10,101,0
계급장 키우기,2019_09_11,101,0
계급장 키우기,2019_09_12,101,0
계급장 키우기,2019_09_13,101,0
계급장 키우기,2019_09_14,101,0
계급장 키우기,2019_09_15,101,0
계급장 키우기,2019_09_16,101,0
계급장 키우기,2019_09_17,101,0
계급장 키우기,2019_09_18,101,0
계급장 키우기,2019_09_19,101,0
계급장 키우기,2019_09_20,101,0
계급장 키우기,2019_09_21,101,0
계급장 키우기,2019_09_22,101,0
계급장 키우기,2019_09_23,101,0
계급장 키우기,2019_09_24,101,0
계급장 키우기,2019_09_25,101,0
계급장 키우기,2019_09_26,101,0
계급장 키우기,2019_09_27,101,0
계급장 키우기,2019_09_28,101,0
계급장 키우기,2019_09_29,101,0
계급장 키우기,2019_09_30,101,0
계급장 키우기,2019_10_01,101,0
계급장 키우기,2019_10_02,101,0
계급장 키우기,2019_10_03,101,0
계급장 키우기,2019_10_04,101,0
계급장 키우기,2019_10_05,101,0
계급장 키우기,2019_10_06,101,0
계급장 키우기,2019_10_07,101,0
계급장 키우기,2019_10_08,101,0
계급장 키우기,2019_10_09,101,0
계급장 키우기,2019_10_10,101,0
계급장 키우기,2019_10_11,101,0
계급장 키우기,2019_10_12,101,0
계급장 키우기,2019_10_13,101,0
계급장 키우기,2019_10_14,101,0
계급장 키우기,2019_10_15,101,0
계급장 키우기,2019_10_16,101,0
계급장 키우기,2019_10_17,101,0
계급장 키우기,2019_10_18,101,0
계급장 키우기,2019_10_19,101,0
계급장 키우기,2019_10_20,101,0
계급장 키우기,2019_10_21,101,0
계급장 키우기,2019_10_22,101,0
계급장 키우기,2019_10_23,101,0
계급장 키우기,2019_10_24,101,0
계급장 키우기,2019_10_25,101,0
계급장 키우기,2019_10_26,101,0
계급장 키우기,2019_10_27,101,0
계급장 키우기,2019_10_28,101,0
계급장 키우기,2019_10_29,101,0
계급장 키우기,2019_10_30,101,0
계급장 키우기,2019_10_31,101,0
계급장 키우기,2019_11_01,101,0
계급장 키우기,2019_11_02,101,0
계급장 키우기,2019_11_03,101,0
계급장 키우기,2019_11_04,101,0
계급장 키우기,2019_11_05,101,0
계급장 키우기,2019_11_06,101,0
계급장 키우기,2019_11_07,101,0
계급장 키우기,2019_11_08,101,0
계급장 키우기,2019_11_09,101,0
계급장 키우기,2019_11_10,101,0
계급장 키우기,2019_11_11,101,0
계급장 키우기,2019_11_12,101,0
계급장 키우기,2019_11_13,101,0
계급장 키우기,2019_11_14,101,0
계급장 키우기,2019_11_15,101,0
계급장 키우기,2019_11_16,101,0
계급장 키우기,2019_11_17,101,0
계급장 키우기,2019_11_18,101,0
계급장 키우기,2019_11_19,101,0
계급장 키우기,2019_11_20,101,0
계급장 키우기,2019_11_21,101,0
계급장 키우기,2019_11_22,101,0
계급장 키우기,2019_11_23,101,0
계급장 키우기,2019_11_24,101,29
계급장 키우기,2019_11_25,72,31
계급장 키우기,2019_11_26,41,9
계급장 키우기,2019_11_27,32,2
계급장 키우기,2019_11_28,30,10
계급장 키우기,2019_11_29,40,0
킹 오브 타워,2019_10_14,101,0
킹 오브 타워,2019_10_15,101,0
킹 오브 타워,2019_10_16,101,0
킹 오브 타워,2019_10_17,101,0
킹 오브 타워,2019_10_18,101,0
킹 오브 타워,2019_10_19,101,0
킹 오브 타워,2019_10_20,101,0
킹 오브 타워,2019_10_21,101,83
킹 오브 타워,2019_10_22,18,2
킹 오브 타워,2019_10_23,16,13
킹 오브 타워,2019_10_24,3,0
킹 오브 타워,2019_10_25,3,1
킹 오브 타워,2019_10_26,4,1
킹 오브 타워,2019_10_27,5,8
킹 오브 타워,2019_10_28,13,9
킹 오브 타워,2019_10_29,22,2
킹 오브 타워,2019_10_30,20,15
킹 오브 타워,2019_10_31,5,3
킹 오브 타워,2019_11_01,8,2
킹 오브 타워,2019_11_02,10,3
킹 오브 타워,2019_11_03,7,2
킹 오브 타워,2019_11_04,5,5
킹 오브 타워,2019_11_05,10,0
킹 오브 타워,2019_11_06,10,4
킹 오브 타워,2019_11_07,6,2
킹 오브 타워,2019_11_08,4,1
킹 오브 타워,2019_11_09,5,1
킹 오브 타워,2019_11_10,6,0
킹 오브 타워,2019_11_11,6,0
킹 오브 타워,2019_11_12,6,2
킹 오브 타워,2019_11_13,4,0
킹 오브 타워,2019_11_14,4,0
킹 오브 타워,2019_11_15,4,2
킹 오브 타워,2019_11_16,6,0
킹 오브 타워,2019_11_17,6,0
킹 오브 타워,2019_11_18,6,0
킹 오브 타워,2019_11_19,6,1
킹 오브 타워,2019_11_20,5,1
킹 오브 타워,2019_11_21,6,3
킹 오브 타워,2019_11_22,9,0
킹 오브 타워,2019_11_23,9,3
킹 오브 타워,2019_11_24,12,1
킹 오브 타워,2019_11_25,11,2
킹 오브 타워,2019_11_26,13,0
킹 오브 타워,2019_11_27,13,1
킹 오브 타워,2019_11_28,14,1
킹 오브 타워,2019_11_29,15,0
